county_nce,county_name,report_version,report_stage_code,report_type_scope_code,report_type_category_code,report_type_code,created_at,a,a1,a2,a3,a4,b,b1,b2,b3,b4,c,d,e,f,"PARTIDUL NAȚIONAL LIBERAL-voturi","PARTIDUL NAȚIONAL LIBERAL-mandate","PARTIDUL SOCIAL DEMOCRAT-voturi","PARTIDUL SOCIAL DEMOCRAT-mandate","ALIANȚA USR PLUS-voturi","ALIANȚA USR PLUS-mandate","PARTIDUL MIȘCAREA POPULARĂ-voturi","PARTIDUL MIȘCAREA POPULARĂ-mandate","PARTIDUL ALIANŢA LIBERALILOR ŞI DEMOCRAŢILOR – ALDE-voturi","PARTIDUL ALIANŢA LIBERALILOR ŞI DEMOCRAŢILOR – ALDE-mandate","PARTIDUL PRO ROMÂNIA-voturi","PARTIDUL PRO ROMÂNIA-mandate","Candidat Independent -voturi","Candidat Independent -mandate","ALIANȚA PENTRU UNIREA ROMÂNILOR-voturi","ALIANȚA PENTRU UNIREA ROMÂNILOR-mandate","PARTIDUL ACȚIUNEA NAȚIONALĂ ALBA-voturi","PARTIDUL ACȚIUNEA NAȚIONALĂ ALBA-mandate","UNIUNEA DEMOCRATĂ MAGHIARĂ DIN ROMÂNIA-voturi","UNIUNEA DEMOCRATĂ MAGHIARĂ DIN ROMÂNIA-mandate","PARTIDUL VERDE-voturi","PARTIDUL VERDE-mandate","PARTIDUL PUTERII UMANISTE (SOCIAL-LIBERAL)-voturi","PARTIDUL PUTERII UMANISTE (SOCIAL-LIBERAL)-mandate","PARTIDUL NAȚIONAL ȚĂRĂNESC CREȘTIN DEMOCRAT-voturi","PARTIDUL NAȚIONAL ȚĂRĂNESC CREȘTIN DEMOCRAT-mandate","PARTIDUL POPULAR MAGHIAR DIN TRANSILVANIA-voturi","PARTIDUL POPULAR MAGHIAR DIN TRANSILVANIA-mandate","PARTIDUL FORȚA IDENTITĂȚII NAȚIONALE-voturi","PARTIDUL FORȚA IDENTITĂȚII NAȚIONALE-mandate","PARTIDUL PHRALIPE AL ROMILOR-voturi","PARTIDUL PHRALIPE AL ROMILOR-mandate","PARTIDUL ROMÂNIA MARE-voturi","PARTIDUL ROMÂNIA MARE-mandate","PLATFORMA SOCIAL-LIBERAL CREȘTINĂ-voturi","PLATFORMA SOCIAL-LIBERAL CREȘTINĂ-mandate","PARTIDUL REPUBLICAN DIN ROMÂNIA-voturi","PARTIDUL REPUBLICAN DIN ROMÂNIA-mandate","PARTIDUL ECOLOGIST ROMÂN-voturi","PARTIDUL ECOLOGIST ROMÂN-mandate","PARTIDUL ARĂDENILOR-voturi","PARTIDUL ARĂDENILOR-mandate","PARTIDUL NEAMUL ROMÂNESC-voturi","PARTIDUL NEAMUL ROMÂNESC-mandate","FORUMUL DEMOCRAT AL GERMANILOR DIN ROMÂNIA-voturi","FORUMUL DEMOCRAT AL GERMANILOR DIN ROMÂNIA-mandate","ALIANȚA NAȚIONAL ȚĂRĂNISTĂ-voturi","ALIANȚA NAȚIONAL ȚĂRĂNISTĂ-mandate","PARTIDUL COMUNIȘTILOR-voturi","PARTIDUL COMUNIȘTILOR-mandate","PARTIDUL NOUA DREAPTĂ-voturi","PARTIDUL NOUA DREAPTĂ-mandate","ALIANȚA ELECTORALĂ PRO DOROBANȚI-voturi","ALIANȚA ELECTORALĂ PRO DOROBANȚI-mandate","PARTIDUL SOCIALIST ROMÂN-voturi","PARTIDUL SOCIALIST ROMÂN-mandate","PARTIDUL RE:START ROMÂNIA-voturi","PARTIDUL RE:START ROMÂNIA-mandate","PARTIDUL NAȚIUNEA ROMÂNĂ-voturi","PARTIDUL NAȚIUNEA ROMÂNĂ-mandate","PARTIDUL DREPTĂȚII-voturi","PARTIDUL DREPTĂȚII-mandate","PARTIDUL ALTERNATIVA DREAPTĂ-voturi","PARTIDUL ALTERNATIVA DREAPTĂ-mandate","ALINȚA PARTIDUL NAȚIONAL LIBERAL-UNIUNEA SALVAȚI ROMÂNIA-PARTIDUL LIBERTATE UNITATE ȘI SOLIDARITATE (PNL-USR-PLUS)-voturi","ALINȚA PARTIDUL NAȚIONAL LIBERAL-UNIUNEA SALVAȚI ROMÂNIA-PARTIDUL LIBERTATE UNITATE ȘI SOLIDARITATE (PNL-USR-PLUS)-mandate","UNIUNEA SALVAȚI ROMÂNIA-voturi","UNIUNEA SALVAȚI ROMÂNIA-mandate","ALIANȚA SOCIAL UMANISTĂ-voturi","ALIANȚA SOCIAL UMANISTĂ-mandate","PARTIDUL LIBERTATE, UNITATE ȘI SOLIDARITATE-voturi","PARTIDUL LIBERTATE, UNITATE ȘI SOLIDARITATE-mandate","PARTIDUL BĂCĂUANILOR-voturi","PARTIDUL BĂCĂUANILOR-mandate","PARTIDUL ADER LA DEMOCRAŢIE, EDUCAŢIE ŞI RECONSTRUCŢIE-voturi","PARTIDUL ADER LA DEMOCRAŢIE, EDUCAŢIE ŞI RECONSTRUCŢIE-mandate","MIȘCAREA PATRIOȚILOR ROMÂNI (MPR)-voturi","MIȘCAREA PATRIOȚILOR ROMÂNI (MPR)-mandate","PARTIDUL ALTERNATIVA PENTRU DEMNITATE NATIONALĂ-voturi","PARTIDUL ALTERNATIVA PENTRU DEMNITATE NATIONALĂ-mandate","PARTIDUL OAMENILOR LIBERI-voturi","PARTIDUL OAMENILOR LIBERI-mandate","PARTIDUL SOCIAL DEMOCRAT ȘI PARTIDUL ALIANȚA LIBERALILOR ȘI DEMOCRAȚILOR HIDIȘELU DE SUS-PSD-ALDE-voturi","PARTIDUL SOCIAL DEMOCRAT ȘI PARTIDUL ALIANȚA LIBERALILOR ȘI DEMOCRAȚILOR HIDIȘELU DE SUS-PSD-ALDE-mandate","PARTIDUL CIVIC MAGHIAR-voturi","PARTIDUL CIVIC MAGHIAR-mandate","UNIUNEA DEMOCRATICĂ A SLOVACILOR ȘI CEHILOR DIN ROMÂNIA-voturi","UNIUNEA DEMOCRATICĂ A SLOVACILOR ȘI CEHILOR DIN ROMÂNIA-mandate","PARTIDUL AGRICULTORILOR DIN ROMÂNIA-voturi","PARTIDUL AGRICULTORILOR DIN ROMÂNIA-mandate","PARTIDUL ROMÂNIA NOASTRĂ-voturi","PARTIDUL ROMÂNIA NOASTRĂ-mandate","PARTIDUL ALIANȚA CREȘTINĂ ADEVĂRATĂ ROMÂNĂ-voturi","PARTIDUL ALIANȚA CREȘTINĂ ADEVĂRATĂ ROMÂNĂ-mandate","MIȘCAREA PATRIOȚILOR ROMÂNI - MPR-voturi","MIȘCAREA PATRIOȚILOR ROMÂNI - MPR-mandate","ALIANȚA PNL USR PLUS-voturi","ALIANȚA PNL USR PLUS-mandate","ALIANȚA PENTRU BISTRIȚA-NĂSĂUD-voturi","ALIANȚA PENTRU BISTRIȚA-NĂSĂUD-mandate","ALIANȚA PENTRU MAIERU-voturi","ALIANȚA PENTRU MAIERU-mandate","ALIANȚA PENTRU BECLEAN-voturi","ALIANȚA PENTRU BECLEAN-mandate","ALIANȚA PENTRU PRUNDU BÂRGĂULUI-voturi","ALIANȚA PENTRU PRUNDU BÂRGĂULUI-mandate","ALIANȚA PENTRU TIHA BÂRGĂULUI-voturi","ALIANȚA PENTRU TIHA BÂRGĂULUI-mandate","ALIANȚA PENTRU LIVEZILE-voturi","ALIANȚA PENTRU LIVEZILE-mandate","ALIANȚA PENTRU LECHINȚA-voturi","ALIANȚA PENTRU LECHINȚA-mandate","ALIANȚA PENTRU NĂSĂUD-voturi","ALIANȚA PENTRU NĂSĂUD-mandate","ALIANȚA PENTRU CĂIANU MIC-voturi","ALIANȚA PENTRU CĂIANU MIC-mandate","ALIANȚA PENTRU SÎNGEORZ-BĂI-voturi","ALIANȚA PENTRU SÎNGEORZ-BĂI-mandate","ALIANȚA PENTRU ZAGRA-voturi","ALIANȚA PENTRU ZAGRA-mandate","ALIANȚA PENTRU TELCIU-voturi","ALIANȚA PENTRU TELCIU-mandate","ALIANȚA PENTRU RODNA-voturi","ALIANȚA PENTRU RODNA-mandate","ALIANȚA PENTRU NIMIGEA-voturi","ALIANȚA PENTRU NIMIGEA-mandate","ALIANȚA PENTRU BISTRIȚA BÂRGĂULUI-voturi","ALIANȚA PENTRU BISTRIȚA BÂRGĂULUI-mandate","ALIANȚA PENTRU ILVA MICĂ-voturi","ALIANȚA PENTRU ILVA MICĂ-mandate","ALIANȚA PENTRU BUDACU DE JOS-voturi","ALIANȚA PENTRU BUDACU DE JOS-mandate","ALIANȚA PENTRU FELDRU-voturi","ALIANȚA PENTRU FELDRU-mandate","ALIANȚA PENTRU ȘIEU-voturi","ALIANȚA PENTRU ȘIEU-mandate","ALIANȚA PENTRU TÂRLIȘUA-voturi","ALIANȚA PENTRU TÂRLIȘUA-mandate","ALIANȚA PENTRU GALAȚII BISTRIȚEI-voturi","ALIANȚA PENTRU GALAȚII BISTRIȚEI-mandate","ALIANȚA PENTRU ȘINTEREAG-voturi","ALIANȚA PENTRU ȘINTEREAG-mandate","ALIANȚA PENTRU TEACA-voturi","ALIANȚA PENTRU TEACA-mandate","ALIANȚA PENTRU DUMITRA-voturi","ALIANȚA PENTRU DUMITRA-mandate","ALIANȚA PENTRU PARVA-voturi","ALIANȚA PENTRU PARVA-mandate","ALIANȚA PENTRU SALVA-voturi","ALIANȚA PENTRU SALVA-mandate","ALIANȚA PENTRU ȘANȚ-voturi","ALIANȚA PENTRU ȘANȚ-mandate","ALIANȚA PENTRU JOSENII BÂRGĂULUI-voturi","ALIANȚA PENTRU JOSENII BÂRGĂULUI-mandate","ALIANȚA PENTRU DUMITRIȚA-voturi","ALIANȚA PENTRU DUMITRIȚA-mandate","ALIANȚA PENTRU COȘBUC-voturi","ALIANȚA PENTRU COȘBUC-mandate","ALIANȚA PENTRU POIANA ILVEI-voturi","ALIANȚA PENTRU POIANA ILVEI-mandate","ALIANȚA PENTRU NEGRILEȘTI-voturi","ALIANȚA PENTRU NEGRILEȘTI-mandate","ALIANȚA PENTRU MĂRIȘELU-voturi","ALIANȚA PENTRU MĂRIȘELU-mandate","ALIANȚA PENTRU PETRU RAREȘ-voturi","ALIANȚA PENTRU PETRU RAREȘ-mandate","ALIANȚA PENTRU LEȘU-voturi","ALIANȚA PENTRU LEȘU-mandate","ALIANȚA PENTRU URIU-voturi","ALIANȚA PENTRU URIU-mandate","ALIANȚA PENTRU CETATE-voturi","ALIANȚA PENTRU CETATE-mandate","ALIANȚA PENTRU ȘIEUȚ-voturi","ALIANȚA PENTRU ȘIEUȚ-mandate","ALIANȚA PENTRU MĂGURA ILVEI-voturi","ALIANȚA PENTRU MĂGURA ILVEI-mandate","ALIANȚA PENTRU ROMULI-voturi","ALIANȚA PENTRU ROMULI-mandate","ALIANȚA PENTRU ȘIEU-ODORHEI-voturi","ALIANȚA PENTRU ȘIEU-ODORHEI-mandate","ALIANȚA PENTRU CICEU-GIURGEȘTI-voturi","ALIANȚA PENTRU CICEU-GIURGEȘTI-mandate","ALIANȚA PENTRU SÎNMIHAIU DE CÂMPIE-voturi","ALIANȚA PENTRU SÎNMIHAIU DE CÂMPIE-mandate","ALIANȚA PENTRU ILVA MARE-voturi","ALIANȚA PENTRU ILVA MARE-mandate","ALIANȚA PENTRU CHIUZA-voturi","ALIANȚA PENTRU CHIUZA-mandate","ALIANȚA PENTRU CHIOCHIȘ-voturi","ALIANȚA PENTRU CHIOCHIȘ-mandate","ALIANȚA PENTRU REBRIȘOARA-voturi","ALIANȚA PENTRU REBRIȘOARA-mandate","ALIANȚA PENTRU MONOR-voturi","ALIANȚA PENTRU MONOR-mandate","ALIANȚA PENTRU REBRA-voturi","ALIANȚA PENTRU REBRA-mandate","ALIANȚA PENTRU BUDEȘTI-voturi","ALIANȚA PENTRU BUDEȘTI-mandate","ALIANȚA PENTRU SILIVAȘU DE CÂMPIE-voturi","ALIANȚA PENTRU SILIVAȘU DE CÂMPIE-mandate","ALIANȚA PENTRU BRANIȘTEA-voturi","ALIANȚA PENTRU BRANIȘTEA-mandate","ALIANȚA PENTRU MILAȘ-voturi","ALIANȚA PENTRU MILAȘ-mandate","ALIANȚA PENTRU CICEU-MIHĂIEȘTI-voturi","ALIANȚA PENTRU CICEU-MIHĂIEȘTI-mandate","ALIANȚA PENTRU ȘIEU-MĂGHERUȘ-voturi","ALIANȚA PENTRU ȘIEU-MĂGHERUȘ-mandate","ALIANȚA PENTRU LUNCA ILVEI-voturi","ALIANȚA PENTRU LUNCA ILVEI-mandate","PARTIDUL NAȚIONAL ȚĂRĂNESC MANIU MIHALACHE-voturi","PARTIDUL NAȚIONAL ȚĂRĂNESC MANIU MIHALACHE-mandate","ALIANȚA PENTRU MATEI-voturi","ALIANȚA PENTRU MATEI-mandate","ALIANȚA PENTRU SPERMEZEU-voturi","ALIANȚA PENTRU SPERMEZEU-mandate","ALIANȚA PENTRU URMENIȘ-voturi","ALIANȚA PENTRU URMENIȘ-mandate","ALIANȚA PENTRU MICEȘTII DE CÂMPIE-voturi","ALIANȚA PENTRU MICEȘTII DE CÂMPIE-mandate","ALIANȚA PENTRU NUȘENI-voturi","ALIANȚA PENTRU NUȘENI-mandate","ALIANȚA PENTRU RUNCU SALVEI-voturi","ALIANȚA PENTRU RUNCU SALVEI-mandate","PARTIDUL DREAPTA LIBERALĂ-voturi","PARTIDUL DREAPTA LIBERALĂ-mandate","""ALIANȚA ÎMPREUNĂ PENTRU BOTOȘANI PARTIDUL VERDE-P.N.Ț.C.D.""-voturi","""ALIANȚA ÎMPREUNĂ PENTRU BOTOȘANI PARTIDUL VERDE-P.N.Ț.C.D.""-mandate","ASOCIAȚIA PARTIDA ROMILOR “PRO-EUROPA”-voturi","ASOCIAȚIA PARTIDA ROMILOR “PRO-EUROPA”-mandate","ALIANȚA ELECTORALĂ DL + ALDE""-voturi","ALIANȚA ELECTORALĂ DL + ALDE""-mandate","UNIUNEA UCRAINENILOR DIN ROMÂNIA-voturi","UNIUNEA UCRAINENILOR DIN ROMÂNIA-mandate","ALIANȚA PARTIDUL NAȚIONAL LIBERAL-BRĂILA NOUĂ (PNL-BRĂILA NOUĂ)-voturi","ALIANȚA PARTIDUL NAȚIONAL LIBERAL-BRĂILA NOUĂ (PNL-BRĂILA NOUĂ)-mandate","ALIANȚA USR PLUS BRĂILA-voturi","ALIANȚA USR PLUS BRĂILA-mandate","ALIANȚA ELECTORALĂ ""PSD ALDE""-voturi","ALIANȚA ELECTORALĂ ""PSD ALDE""-mandate","ALIANȚA ""USR PLUS FDGR""-voturi","ALIANȚA ""USR PLUS FDGR""-mandate","BLOCUL UNITĂȚII NAȚIONALE-voturi","BLOCUL UNITĂȚII NAȚIONALE-mandate","ALIANȚA PSD-PRO RÂMNICU SĂRAT-voturi","ALIANȚA PSD-PRO RÂMNICU SĂRAT-mandate","ALIANȚA UNIUNEA SALVAȚI ROMÂNIA PARTIDUL LIBERTATE UNITATE ȘI SOLIDARITATE (ALIANȚA USR PLUS)-voturi","ALIANȚA UNIUNEA SALVAȚI ROMÂNIA PARTIDUL LIBERTATE UNITATE ȘI SOLIDARITATE (ALIANȚA USR PLUS)-mandate","PARTIDUL INIȚIATIVA PĂTÂRLAGELE-voturi","PARTIDUL INIȚIATIVA PĂTÂRLAGELE-mandate","""ALIANȚA PNL-USR OLTENIȚA""-voturi","""ALIANȚA PNL-USR OLTENIȚA""-mandate","""ALIANȚA PNL-USR GRĂDIȘTEA""-voturi","""ALIANȚA PNL-USR GRĂDIȘTEA""-mandate","""ALIANȚA PNL-USR BUDEȘTI""-voturi","""ALIANȚA PNL-USR BUDEȘTI""-mandate","""ALIANȚA PNL-USR NANA""-voturi","""ALIANȚA PNL-USR NANA""-mandate","""ALIANȚA PNL-USR SĂRULEȘTI""-voturi","""ALIANȚA PNL-USR SĂRULEȘTI""-mandate","""ALIANȚA PNL-USR VALEA ARGOVEI""-voturi","""ALIANȚA PNL-USR VALEA ARGOVEI""-mandate","PRO CARAȘ-SEVERIN-voturi","PRO CARAȘ-SEVERIN-mandate","PSD-PRO ROMÂNIA-voturi","PSD-PRO ROMÂNIA-mandate","PRO ROMÂNIA-ALDE-voturi","PRO ROMÂNIA-ALDE-mandate","UNIUNEA CROAȚILOR DIN ROMÂNIA-voturi","UNIUNEA CROAȚILOR DIN ROMÂNIA-mandate","PARTIDUL FORTA NATIONALA-voturi","PARTIDUL FORTA NATIONALA-mandate","ALIANȚA MAGHIARĂ DIN TRANSILVANIA-voturi","ALIANȚA MAGHIARĂ DIN TRANSILVANIA-mandate","UNIUNEA CREȘTIN DEMOCRATĂ DLN ROMÂNIA-voturi","UNIUNEA CREȘTIN DEMOCRATĂ DLN ROMÂNIA-mandate",PSD-PNȚCD-voturi,PSD-PNȚCD-mandate,"UNIUNEA ELENĂ DIN ROMÂNIA-voturi","UNIUNEA ELENĂ DIN ROMÂNIA-mandate","PSD+ALDE+PNȚCD MANGALIA-voturi","PSD+ALDE+PNȚCD MANGALIA-mandate","PARTIDUL LIGA ORGANIZATA A REGIUNILOR DREPTE-voturi","PARTIDUL LIGA ORGANIZATA A REGIUNILOR DREPTE-mandate","MIȘCAREA PATRIOȚILOR ROMÂNI-voturi","MIȘCAREA PATRIOȚILOR ROMÂNI-mandate","UNIUNEA NAȚIONALĂ PENTRU PROGRESUL ROMÂNIEI-voturi","UNIUNEA NAȚIONALĂ PENTRU PROGRESUL ROMÂNIEI-mandate","COMUNITATEA RUȘILOR LIPOVENI DIN ROMÂNIA-voturi","COMUNITATEA RUȘILOR LIPOVENI DIN ROMÂNIA-mandate","PARTIDUL NAȚIONAL ROMÂN-voturi","PARTIDUL NAȚIONAL ROMÂN-mandate","PARTIDUL UNIUNEA INDEPENDENTA PENTRU TECUCI-voturi","PARTIDUL UNIUNEA INDEPENDENTA PENTRU TECUCI-mandate","PACT PENTRU GALAȚI-voturi","PACT PENTRU GALAȚI-mandate","ALIANȚA PNL-USR-PLUS-voturi","ALIANȚA PNL-USR-PLUS-mandate","PARTIDUL GORJENILOR-voturi","PARTIDUL GORJENILOR-mandate","PARTIDUL UNITĂȚII SOCIALE DIN ROMÂNIA-voturi","PARTIDUL UNITĂȚII SOCIALE DIN ROMÂNIA-mandate","PARTIDUL SPERANȚEI ȘI VOINȚEI - REMÉNYSÉG ÉS AKARAT PÁRTJA-voturi","PARTIDUL SPERANȚEI ȘI VOINȚEI - REMÉNYSÉG ÉS AKARAT PÁRTJA-mandate","PARTIDUL ROMÂNIEI EUROPENE-voturi","PARTIDUL ROMÂNIEI EUROPENE-mandate","ALIANTA ELECTORALĂ PSD+ALDE PUI-voturi","ALIANTA ELECTORALĂ PSD+ALDE PUI-mandate","ALIANȚA ELECTORALĂ PSD+ALDE ȘOIMUȘ-voturi","ALIANȚA ELECTORALĂ PSD+ALDE ȘOIMUȘ-mandate","PARTIDUL IALOMIȚENILOR-voturi","PARTIDUL IALOMIȚENILOR-mandate","PARTIDUL ÎMPREUNĂ PENTRU MOLDOVA-voturi","PARTIDUL ÎMPREUNĂ PENTRU MOLDOVA-mandate","""ALIANȚA USR PENTRU MOLDOVA""-voturi","""ALIANȚA USR PENTRU MOLDOVA""-mandate","PARTIDUL NOUA ROMÂNIE-voturi","PARTIDUL NOUA ROMÂNIE-mandate","ALIANȚA SOCIAL LIBERALĂ-voturi","ALIANȚA SOCIAL LIBERALĂ-mandate","PARTIDUL POLITIC INIȚIATIVA OTOPENIUL NOSTRU-voturi","PARTIDUL POLITIC INIȚIATIVA OTOPENIUL NOSTRU-mandate","PARTIDUL BUCUREȘTI 2020-voturi","PARTIDUL BUCUREȘTI 2020-mandate","ALIANȚA ELECTORALĂ COALIȚIA PENTRU MARAMUREȘ CMM-voturi","ALIANȚA ELECTORALĂ COALIȚIA PENTRU MARAMUREȘ CMM-mandate","PARTIDUL SOCIAL DEMOCRAT INDEPENDENT-voturi","PARTIDUL SOCIAL DEMOCRAT INDEPENDENT-mandate","ALIANȚA PRO BUCUREȘTI 2020-voturi","ALIANȚA PRO BUCUREȘTI 2020-mandate","ALIANȚA ELECTORALĂ PSD-PPU (SOCIAL-LIBERAL)-voturi","ALIANȚA ELECTORALĂ PSD-PPU (SOCIAL-LIBERAL)-mandate","ALIANȚA ELECTORALĂ ADER-PPU (SOCIAL-LIBERAL)-voturi","ALIANȚA ELECTORALĂ ADER-PPU (SOCIAL-LIBERAL)-mandate","PARTIDUL ALIANTA PENTRU EDUCATIE SI REFORMA-voturi","PARTIDUL ALIANTA PENTRU EDUCATIE SI REFORMA-mandate","PARTIDUL ALIANȚA CREȘTIN DEMOCRATĂ-voturi","PARTIDUL ALIANȚA CREȘTIN DEMOCRATĂ-mandate","PARTIDUL OAMENILOR CREDINCIOȘI-voturi","PARTIDUL OAMENILOR CREDINCIOȘI-mandate","PARTIDUL UNIUNEA INDEPENDENTA PENTRU SIGHISOARA-voturi","PARTIDUL UNIUNEA INDEPENDENTA PENTRU SIGHISOARA-mandate","ALIANȚA ELECTORALĂ LOCALĂ PSD-ALDE-voturi","ALIANȚA ELECTORALĂ LOCALĂ PSD-ALDE-mandate","ALIANȚA ELECTORALĂ ""ALIANȚA PENTRU PIATRA NEAMȚ 2020""-voturi","ALIANȚA ELECTORALĂ ""ALIANȚA PENTRU PIATRA NEAMȚ 2020""-mandate","ALIANȚA ELECTORALĂ ""ALIANȚA PENTRU ROMAN 2020""-voturi","ALIANȚA ELECTORALĂ ""ALIANȚA PENTRU ROMAN 2020""-mandate","ALIANȚA ELECTORALĂ ""ALIANȚA PENTRU TÂRGU NEAMȚ 2020""-voturi","ALIANȚA ELECTORALĂ ""ALIANȚA PENTRU TÂRGU NEAMȚ 2020""-mandate","ALIANȚA ELECTORALĂ ""ALIANȚA PENTRU BICAZ 2020""-voturi","ALIANȚA ELECTORALĂ ""ALIANȚA PENTRU BICAZ 2020""-mandate","ALIANȚA ELECTORALĂ ""ALIANȚA PENTRU ROZNOV 2020""-voturi","ALIANȚA ELECTORALĂ ""ALIANȚA PENTRU ROZNOV 2020""-mandate","""ALIANȚA ELECTORALĂ PSD+P.R. BALȘ""-voturi","""ALIANȚA ELECTORALĂ PSD+P.R. BALȘ""-mandate","""ALIANȚA PNL-PMP""-voturi","""ALIANȚA PNL-PMP""-mandate","""ALIANȚA PNL USR PLUS""-voturi","""ALIANȚA PNL USR PLUS""-mandate","""ALIANȚA ELECTORALĂ PSD+ALDE CÂRLOGANI""-voturi","""ALIANȚA ELECTORALĂ PSD+ALDE CÂRLOGANI""-mandate","""ALIANȚA ELECTORALĂ PSD+ALDE MILCOV""-voturi","""ALIANȚA ELECTORALĂ PSD+ALDE MILCOV""-mandate","""ALIANȚA ELECTORALĂ PSD+ALDE SPRÂNCENATA""-voturi","""ALIANȚA ELECTORALĂ PSD+ALDE SPRÂNCENATA""-mandate","ALIANȚA PENTRU PRAHOVA-voturi","ALIANȚA PENTRU PRAHOVA-mandate","PARTIDUL PRAHOVA IN ACȚIUNE-voturi","PARTIDUL PRAHOVA IN ACȚIUNE-mandate","ALIANȚA PENTRU BAICOI-voturi","ALIANȚA PENTRU BAICOI-mandate","ALIANȚA PENTRU VĂLENII DE MUNTE-voturi","ALIANȚA PENTRU VĂLENII DE MUNTE-mandate","ALIANȚA PENTRU BOLDEȘTI SCAENI-voturi","ALIANȚA PENTRU BOLDEȘTI SCAENI-mandate","ALIANȚA PENTRU FLOREȘTI-voturi","ALIANȚA PENTRU FLOREȘTI-mandate","ALIANȚA PENTRU RÂFOV-voturi","ALIANȚA PENTRU RÂFOV-mandate","ALIANȚA PENTRU PODENII NOI-voturi","ALIANȚA PENTRU PODENII NOI-mandate","ALIANȚA PENTRU CEPTURA-voturi","ALIANȚA PENTRU CEPTURA-mandate","ALIANȚA PENTRU MĂGURENI-voturi","ALIANȚA PENTRU MĂGURENI-mandate","ALIANȚA PENTRU PLOPENI-voturi","ALIANȚA PENTRU PLOPENI-mandate","ALIANȚA PRO URLAȚI-voturi","ALIANȚA PRO URLAȚI-mandate","ALIANȚA PENTRU GURA VITIOAREI-voturi","ALIANȚA PENTRU GURA VITIOAREI-mandate","ALIANȚA PENTRU FILIPEȘTII DE PĂDURE-voturi","ALIANȚA PENTRU FILIPEȘTII DE PĂDURE-mandate","ALIANȚA PRO STARCHIOJD-voturi","ALIANȚA PRO STARCHIOJD-mandate","ALIANȚA PENTRU SCORȚENI-voturi","ALIANȚA PENTRU SCORȚENI-mandate","ALIANȚA PENTRU ȘTEFEȘTI-voturi","ALIANȚA PENTRU ȘTEFEȘTI-mandate","ALIANȚA PENTRU FÂNTÂNELE-voturi","ALIANȚA PENTRU FÂNTÂNELE-mandate","ALIANȚA PENTRU BUCOV-voturi","ALIANȚA PENTRU BUCOV-mandate","ALIANȚA PENTRU ARICEȘTII RAHTIVANI-voturi","ALIANȚA PENTRU ARICEȘTII RAHTIVANI-mandate","ALIANȚA PENTRU PREDEAL SĂRARI-voturi","ALIANȚA PENTRU PREDEAL SĂRARI-mandate","ALIANȚA PENTRU BABA ANA-voturi","ALIANȚA PENTRU BABA ANA-mandate","ALIANȚA PENTRU TALEA-voturi","ALIANȚA PENTRU TALEA-mandate","ALIANȚA PENTRU ARICEȘTII ZELETIN-voturi","ALIANȚA PENTRU ARICEȘTII ZELETIN-mandate","ALIANȚA PENTRU COCORĂȘTII MISLII-voturi","ALIANȚA PENTRU COCORĂȘTII MISLII-mandate","ALIANȚA PENTRU APOSTOLACHE-voturi","ALIANȚA PENTRU APOSTOLACHE-mandate","ALIANȚA MIȘCAREA PATRIOȚILOR ROMÂNI-voturi","ALIANȚA MIȘCAREA PATRIOȚILOR ROMÂNI-mandate","ALIANȚA MAGHIARĂ DIN TRANSILVANIA - ERDÉLYI MAGYAR SZÖVETSÉG (AMT - EMSZ)-voturi","ALIANȚA MAGHIARĂ DIN TRANSILVANIA - ERDÉLYI MAGYAR SZÖVETSÉG (AMT - EMSZ)-mandate","ALIANȚA ELECTORALĂ ""PSD+ALDE""-voturi","ALIANȚA ELECTORALĂ ""PSD+ALDE""-mandate","ALIANȚA ELECTORALĂ ""PSD+ALDE+PRO""-voturi","ALIANȚA ELECTORALĂ ""PSD+ALDE+PRO""-mandate","PARTIDA ROMILOR PRO EUROPA-voturi","PARTIDA ROMILOR PRO EUROPA-mandate","ALIANȚA PENTRU UNITATEA RROMILOR-voturi","ALIANȚA PENTRU UNITATEA RROMILOR-mandate","UNIUNEA PENTRU BUCOVINA-voturi","UNIUNEA PENTRU BUCOVINA-mandate","PARTIDUL SOCIAL POPULAR -ROMÂN-voturi","PARTIDUL SOCIAL POPULAR -ROMÂN-mandate","ALIANȚA ELECTORALĂ PNL PLUS DRĂCȘENEI-voturi","ALIANȚA ELECTORALĂ PNL PLUS DRĂCȘENEI-mandate","ALIANȚA PSD-PPU (sl)-voturi","ALIANȚA PSD-PPU (sl)-mandate","ALIANȚA PENTRU DUMBRĂVIȚA-voturi","ALIANȚA PENTRU DUMBRĂVIȚA-mandate","ALIANȚA PENTRU ȘAG-voturi","ALIANȚA PENTRU ȘAG-mandate","ALIANȚA PENTRU CENEI-voturi","ALIANȚA PENTRU CENEI-mandate","ALIANȚA PENTRU DETA-voturi","ALIANȚA PENTRU DETA-mandate","UNIUNEA BULGARĂ DIN BANAT- ROMÂNIA-voturi","UNIUNEA BULGARĂ DIN BANAT- ROMÂNIA-mandate","ALIANȚA PENTRU LIEBLING-voturi","ALIANȚA PENTRU LIEBLING-mandate","ALIANȚA PENTRU SÂNANDREI-voturi","ALIANȚA PENTRU SÂNANDREI-mandate","PARTIDUL BANATUL-voturi","PARTIDUL BANATUL-mandate","PARTIDUL REZIST-voturi","PARTIDUL REZIST-mandate","UNIUNEA SÂRBILOR DIN ROMÂNIA-voturi","UNIUNEA SÂRBILOR DIN ROMÂNIA-mandate","PARTIDUL SOCIAL DEMOCRAT AL MUNCITORILOR-voturi","PARTIDUL SOCIAL DEMOCRAT AL MUNCITORILOR-mandate","ALIANȚA ELECTORALĂ MIȘCAREA PATRIOȚILOR ROMÂNI (MPR)-voturi","ALIANȚA ELECTORALĂ MIȘCAREA PATRIOȚILOR ROMÂNI (MPR)-mandate","ALIANȚA U.S.R. PLUS-voturi","ALIANȚA U.S.R. PLUS-mandate","ALIANȚA PARTIDUL NAȚIONAL LIBERAL - UNIUNEA SALVAȚI ROMÂNIA - PARTIDUL LIBERTATE, UNITATE ȘI SOLIDARITATE (PNL-USR-PLUS)-voturi","ALIANȚA PARTIDUL NAȚIONAL LIBERAL - UNIUNEA SALVAȚI ROMÂNIA - PARTIDUL LIBERTATE, UNITATE ȘI SOLIDARITATE (PNL-USR-PLUS)-mandate","PARTIDUL SOCIAL DEMOCRAT ȘI PARTIDUL ALIANȚA LIBERALILOR ȘI DEMOCRAȚILOR SOVEJA (PSD-ALDE)-voturi","PARTIDUL SOCIAL DEMOCRAT ȘI PARTIDUL ALIANȚA LIBERALILOR ȘI DEMOCRAȚILOR SOVEJA (PSD-ALDE)-mandate"
1,ALBA,1,FINAL,CNTY,P,P_BEJ,"2020-09-29 14:00:07",313454,304607,653,4860,3334,155785,147576,37,4855,3317,151745,3964,340812,185082,78025,60,28747,8,17232,2,6545,1,5387,1,3855,0,3670,3,3305,1,1556,0,1555,2,884,0,356,0,335,0,106,0,90,0,66,0,31,0,0,0,0,0,0,0,0,0,0,0,0,0,0,0,0,0,0,0,0,0,0,0,0,0,0,0,0,0,0,0,0,0,0,0,0,0,0,0,0,0,0,0,0,0,0,0,0,0,0,0,0,0,0,0,0,0,0,0,0,0,0,0,0,0,0,0,0,0,0,0,0,0,0,0,0,0,0,0,0,0,0,0,0,0,0,0,0,0,0,0,0,0,0,0,0,0,0,0,0,0,0,0,0,0,0,0,0,0,0,0,0,0,0,0,0,0,0,0,0,0,0,0,0,0,0,0,0,0,0,0,0,0,0,0,0,0,0,0,0,0,0,0,0,0,0,0,0,0,0,0,0,0,0,0,0,0,0,0,0,0,0,0,0,0,0,0,0,0,0,0,0,0,0,0,0,0,0,0,0,0,0,0,0,0,0,0,0,0,0,0,0,0,0,0,0,0,0,0,0,0,0,0,0,0,0,0,0,0,0,0,0,0,0,0,0,0,0,0,0,0,0,0,0,0,0,0,0,0,0,0,0,0,0,0,0,0,0,0,0,0,0,0,0,0,0,0,0,0,0,0,0,0,0,0,0,0,0,0,0,0,0,0,0,0,0,0,0,0,0,0,0,0,0,0,0,0,0,0,0,0,0,0,0,0,0,0,0,0,0,0,0,0,0,0,0,0,0,0,0,0,0,0,0,0,0,0,0,0,0,0,0,0,0,0,0,0,0,0,0,0,0,0,0,0,0,0,0,0,0,0,0,0,0,0,0,0,0,0,0,0,0,0,0,0,0,0,0,0,0,0,0,0,0,0,0,0,0,0,0,0,0,0,0,0,0,0,0,0,0,0,0,0,0,0,0,0,0,0,0,0,0,0,0,0,0,0,0,0,0,0,0,0,0,0,0,0,0,0,0,0,0,0,0,0,0,0,0,0,0,0,0,0,0,0,0,0,0,0,0,0,0,0,0,0,0,0,0,0,0,0,0,0,0,0
2,ARAD,2,FINAL,CNTY,P,P_BEJ,"2020-10-08 18:35:11",393847,382049,2110,5866,3822,175840,166145,104,5799,3792,170594,5195,429038,253219,73632,49,30204,15,21362,0,9129,0,714,0,5732,1,9738,8,0,0,0,0,7857,5,946,0,1537,0,0,0,0,0,0,0,0,0,16,0,7108,0,707,0,560,0,360,0,256,0,204,0,186,0,154,0,139,0,40,0,13,0,0,0,0,0,0,0,0,0,0,0,0,0,0,0,0,0,0,0,0,0,0,0,0,0,0,0,0,0,0,0,0,0,0,0,0,0,0,0,0,0,0,0,0,0,0,0,0,0,0,0,0,0,0,0,0,0,0,0,0,0,0,0,0,0,0,0,0,0,0,0,0,0,0,0,0,0,0,0,0,0,0,0,0,0,0,0,0,0,0,0,0,0,0,0,0,0,0,0,0,0,0,0,0,0,0,0,0,0,0,0,0,0,0,0,0,0,0,0,0,0,0,0,0,0,0,0,0,0,0,0,0,0,0,0,0,0,0,0,0,0,0,0,0,0,0,0,0,0,0,0,0,0,0,0,0,0,0,0,0,0,0,0,0,0,0,0,0,0,0,0,0,0,0,0,0,0,0,0,0,0,0,0,0,0,0,0,0,0,0,0,0,0,0,0,0,0,0,0,0,0,0,0,0,0,0,0,0,0,0,0,0,0,0,0,0,0,0,0,0,0,0,0,0,0,0,0,0,0,0,0,0,0,0,0,0,0,0,0,0,0,0,0,0,0,0,0,0,0,0,0,0,0,0,0,0,0,0,0,0,0,0,0,0,0,0,0,0,0,0,0,0,0,0,0,0,0,0,0,0,0,0,0,0,0,0,0,0,0,0,0,0,0,0,0,0,0,0,0,0,0,0,0,0,0,0,0,0,0,0,0,0,0,0,0,0,0,0,0,0,0,0,0,0,0,0,0,0,0,0,0,0,0,0,0,0,0,0,0,0,0,0,0,0,0,0,0,0,0,0,0,0,0,0,0,0,0,0,0,0,0,0,0,0,0,0,0,0,0,0,0,0,0,0,0,0,0,0,0,0,0,0,0,0,0,0,0,0,0,0,0,0,0,0,0,0,0,0,0,0,0,0,0,0,0,0,0,0,0,0,0,0,0
3,ARGEŞ,1,FINAL,CNTY,P,P_BEJ,"2020-09-30 16:24:58",526525,518981,761,5020,1763,262151,255364,45,4986,1756,252617,9461,576395,314167,62782,24,116538,71,29591,1,14810,2,1052,0,13355,1,5208,1,144,0,0,0,0,0,99,0,1465,0,158,0,0,0,0,0,0,0,131,0,0,0,0,0,5511,1,0,0,560,0,0,0,509,1,0,0,0,0,0,0,17,0,295,0,237,0,130,0,25,0,0,0,0,0,0,0,0,0,0,0,0,0,0,0,0,0,0,0,0,0,0,0,0,0,0,0,0,0,0,0,0,0,0,0,0,0,0,0,0,0,0,0,0,0,0,0,0,0,0,0,0,0,0,0,0,0,0,0,0,0,0,0,0,0,0,0,0,0,0,0,0,0,0,0,0,0,0,0,0,0,0,0,0,0,0,0,0,0,0,0,0,0,0,0,0,0,0,0,0,0,0,0,0,0,0,0,0,0,0,0,0,0,0,0,0,0,0,0,0,0,0,0,0,0,0,0,0,0,0,0,0,0,0,0,0,0,0,0,0,0,0,0,0,0,0,0,0,0,0,0,0,0,0,0,0,0,0,0,0,0,0,0,0,0,0,0,0,0,0,0,0,0,0,0,0,0,0,0,0,0,0,0,0,0,0,0,0,0,0,0,0,0,0,0,0,0,0,0,0,0,0,0,0,0,0,0,0,0,0,0,0,0,0,0,0,0,0,0,0,0,0,0,0,0,0,0,0,0,0,0,0,0,0,0,0,0,0,0,0,0,0,0,0,0,0,0,0,0,0,0,0,0,0,0,0,0,0,0,0,0,0,0,0,0,0,0,0,0,0,0,0,0,0,0,0,0,0,0,0,0,0,0,0,0,0,0,0,0,0,0,0,0,0,0,0,0,0,0,0,0,0,0,0,0,0,0,0,0,0,0,0,0,0,0,0,0,0,0,0,0,0,0,0,0,0,0,0,0,0,0,0,0,0,0,0,0,0,0,0,0,0,0,0,0,0,0,0,0,0,0,0,0,0,0,0,0,0,0,0,0,0,0,0,0,0,0,0,0,0,0,0,0,0,0,0,0,0,0,0,0,0,0,0,0,0,0,0,0,0,0,0,0,0,0,0,0,0,0,0,0,0,0,0,0
4,BACĂU,1,FINAL,CNTY,P,P_BEJ,"2020-09-29 16:47:47",605469,597294,545,5208,2422,250326,242660,54,5204,2408,239268,10925,662633,411683,56720,26,84271,63,168,0,15975,2,5160,0,18509,0,12875,0,1432,0,0,0,908,1,685,0,0,0,119,0,0,0,0,0,0,0,0,0,0,0,97,0,5119,0,0,0,932,0,0,0,0,0,0,0,0,0,0,0,14,0,0,0,0,0,0,0,674,0,18155,1,10206,0,5152,0,1140,0,665,0,162,0,76,0,54,0,0,0,0,0,0,0,0,0,0,0,0,0,0,0,0,0,0,0,0,0,0,0,0,0,0,0,0,0,0,0,0,0,0,0,0,0,0,0,0,0,0,0,0,0,0,0,0,0,0,0,0,0,0,0,0,0,0,0,0,0,0,0,0,0,0,0,0,0,0,0,0,0,0,0,0,0,0,0,0,0,0,0,0,0,0,0,0,0,0,0,0,0,0,0,0,0,0,0,0,0,0,0,0,0,0,0,0,0,0,0,0,0,0,0,0,0,0,0,0,0,0,0,0,0,0,0,0,0,0,0,0,0,0,0,0,0,0,0,0,0,0,0,0,0,0,0,0,0,0,0,0,0,0,0,0,0,0,0,0,0,0,0,0,0,0,0,0,0,0,0,0,0,0,0,0,0,0,0,0,0,0,0,0,0,0,0,0,0,0,0,0,0,0,0,0,0,0,0,0,0,0,0,0,0,0,0,0,0,0,0,0,0,0,0,0,0,0,0,0,0,0,0,0,0,0,0,0,0,0,0,0,0,0,0,0,0,0,0,0,0,0,0,0,0,0,0,0,0,0,0,0,0,0,0,0,0,0,0,0,0,0,0,0,0,0,0,0,0,0,0,0,0,0,0,0,0,0,0,0,0,0,0,0,0,0,0,0,0,0,0,0,0,0,0,0,0,0,0,0,0,0,0,0,0,0,0,0,0,0,0,0,0,0,0,0,0,0,0,0,0,0,0,0,0,0,0,0,0,0,0,0,0,0,0,0,0,0,0,0,0,0,0,0,0,0,0,0,0,0,0,0,0,0,0,0,0,0,0,0,0,0,0,0,0,0,0,0,0,0,0,0,0,0,0,0,0,0,0,0,0,0,0,0,0,0,0,0,0
5,BIHOR,1,FINAL,CNTY,P,P_BEJ,"2020-09-28 10:26:18",508583,491435,1797,10362,4989,263548,248164,90,10322,4972,254779,8152,558510,289889,120895,47,55558,28,8701,0,2932,0,3400,0,8226,1,7631,2,0,0,0,0,40114,21,0,0,54,0,0,0,4724,1,0,0,0,0,0,0,0,0,0,0,0,0,0,0,0,0,0,0,0,0,0,0,0,0,0,0,0,0,0,0,0,0,0,0,0,0,0,0,0,0,0,0,0,0,0,0,0,0,0,0,0,0,869,0,689,0,573,0,266,1,70,0,42,0,21,0,14,0,0,0,0,0,0,0,0,0,0,0,0,0,0,0,0,0,0,0,0,0,0,0,0,0,0,0,0,0,0,0,0,0,0,0,0,0,0,0,0,0,0,0,0,0,0,0,0,0,0,0,0,0,0,0,0,0,0,0,0,0,0,0,0,0,0,0,0,0,0,0,0,0,0,0,0,0,0,0,0,0,0,0,0,0,0,0,0,0,0,0,0,0,0,0,0,0,0,0,0,0,0,0,0,0,0,0,0,0,0,0,0,0,0,0,0,0,0,0,0,0,0,0,0,0,0,0,0,0,0,0,0,0,0,0,0,0,0,0,0,0,0,0,0,0,0,0,0,0,0,0,0,0,0,0,0,0,0,0,0,0,0,0,0,0,0,0,0,0,0,0,0,0,0,0,0,0,0,0,0,0,0,0,0,0,0,0,0,0,0,0,0,0,0,0,0,0,0,0,0,0,0,0,0,0,0,0,0,0,0,0,0,0,0,0,0,0,0,0,0,0,0,0,0,0,0,0,0,0,0,0,0,0,0,0,0,0,0,0,0,0,0,0,0,0,0,0,0,0,0,0,0,0,0,0,0,0,0,0,0,0,0,0,0,0,0,0,0,0,0,0,0,0,0,0,0,0,0,0,0,0,0,0,0,0,0,0,0,0,0,0,0,0,0,0,0,0,0,0,0,0,0,0,0,0,0,0,0,0,0,0,0,0,0,0,0,0,0,0,0,0,0,0,0,0,0,0,0,0,0,0,0,0,0,0,0,0,0,0,0,0,0,0,0,0,0,0,0,0,0,0,0,0,0,0,0,0,0,0,0,0,0,0,0,0,0,0,0,0,0,0,0,0
6,BISTRIŢA-NĂSĂUD,1,FINAL,CNTY,P,P_BEJ,"2020-09-28 17:50:00",263717,258012,322,2647,2736,136055,130662,24,2645,2724,131458,4458,292758,156821,28411,15,0,0,3723,0,10824,1,0,0,0,0,5023,1,481,0,0,0,1579,1,1472,0,793,0,0,0,0,0,0,0,0,0,0,0,0,0,0,0,717,0,0,0,0,0,0,0,0,0,0,0,0,0,0,0,0,0,0,0,0,0,0,0,0,0,0,0,0,0,0,0,0,0,0,0,0,0,0,0,107,0,1516,0,0,0,0,0,0,0,0,0,0,0,0,0,0,0,16188,2,7236,0,2569,1,2482,1,2333,1,2070,1,2013,1,1750,1,1717,0,1613,1,1593,0,1542,1,1539,1,1528,1,1422,1,1246,1,1240,1,1075,1,1073,0,1072,1,1014,1,997,1,985,1,975,1,925,1,895,1,862,1,781,0,776,1,762,1,728,1,726,1,707,1,673,1,673,0,631,0,616,1,595,0,582,1,573,1,556,1,507,1,472,1,454,1,453,0,451,1,447,0,445,0,443,1,423,0,401,1,400,1,334,0,327,1,314,1,299,0,297,0,247,0,233,0,143,0,110,0,110,0,87,0,82,0,0,0,0,0,0,0,0,0,0,0,0,0,0,0,0,0,0,0,0,0,0,0,0,0,0,0,0,0,0,0,0,0,0,0,0,0,0,0,0,0,0,0,0,0,0,0,0,0,0,0,0,0,0,0,0,0,0,0,0,0,0,0,0,0,0,0,0,0,0,0,0,0,0,0,0,0,0,0,0,0,0,0,0,0,0,0,0,0,0,0,0,0,0,0,0,0,0,0,0,0,0,0,0,0,0,0,0,0,0,0,0,0,0,0,0,0,0,0,0,0,0,0,0,0,0,0,0,0,0,0,0,0,0,0,0,0,0,0,0,0,0,0,0,0,0,0,0,0,0,0,0,0,0,0,0,0,0,0,0,0,0,0,0,0,0,0,0,0,0,0,0,0,0,0,0,0,0,0,0,0,0,0,0,0,0,0,0,0,0,0,0,0,0,0,0,0,0,0,0,0,0,0,0,0,0,0,0,0,0,0,0,0,0,0,0,0,0,0,0,0,0,0,0,0,0,0,0,0,0,0,0,0,0,0,0,0,0,0,0,0,0,0,0,0
7,BOTOŞANI,1,FINAL,CNTY,P,P_BEJ,"2020-10-02 14:28:29",373861,366712,250,3728,3171,165239,158346,33,3725,3135,157484,7672,406187,240930,57533,28,65261,43,4724,1,4336,1,10325,1,7164,2,4969,2,44,0,0,0,0,0,79,0,368,0,0,0,0,0,0,0,66,0,516,0,0,0,0,0,578,0,0,0,0,0,0,0,0,0,0,0,0,0,0,0,0,0,0,0,0,0,0,0,0,0,0,0,0,0,0,0,44,0,0,0,261,0,0,0,0,0,0,0,0,0,0,0,0,0,0,0,0,0,0,0,0,0,0,0,0,0,0,0,0,0,0,0,0,0,0,0,0,0,0,0,0,0,0,0,0,0,0,0,0,0,0,0,0,0,0,0,0,0,0,0,0,0,0,0,0,0,0,0,0,0,0,0,0,0,0,0,0,0,0,0,0,0,0,0,0,0,0,0,0,0,0,0,0,0,0,0,0,0,0,0,0,0,0,0,0,0,0,0,0,0,0,0,0,0,0,0,0,0,0,0,0,0,0,0,0,0,0,0,0,0,0,0,0,0,0,0,0,0,0,0,0,0,0,0,0,0,0,0,0,0,708,0,285,0,135,0,45,0,43,0,0,0,0,0,0,0,0,0,0,0,0,0,0,0,0,0,0,0,0,0,0,0,0,0,0,0,0,0,0,0,0,0,0,0,0,0,0,0,0,0,0,0,0,0,0,0,0,0,0,0,0,0,0,0,0,0,0,0,0,0,0,0,0,0,0,0,0,0,0,0,0,0,0,0,0,0,0,0,0,0,0,0,0,0,0,0,0,0,0,0,0,0,0,0,0,0,0,0,0,0,0,0,0,0,0,0,0,0,0,0,0,0,0,0,0,0,0,0,0,0,0,0,0,0,0,0,0,0,0,0,0,0,0,0,0,0,0,0,0,0,0,0,0,0,0,0,0,0,0,0,0,0,0,0,0,0,0,0,0,0,0,0,0,0,0,0,0,0,0,0,0,0,0,0,0,0,0,0,0,0,0,0,0,0,0,0,0,0,0,0,0,0,0,0,0,0,0,0,0,0,0,0,0,0,0,0,0,0,0,0,0,0,0,0,0,0,0,0,0,0,0,0,0,0,0,0,0,0,0,0,0,0,0,0
9,BRĂILA,1,FINAL,CNTY,P,P_BEJ,"2020-09-28 19:09:54",286309,282779,250,2146,1134,118509,115229,13,2146,1121,112542,5933,314206,195715,22365,13,60813,29,0,0,5617,1,1047,0,2896,0,1212,0,0,0,0,0,0,0,910,0,748,0,0,0,0,0,352,0,0,0,516,0,0,0,0,0,621,0,0,0,0,0,0,0,0,0,0,0,0,0,0,0,0,0,0,0,0,0,0,0,0,0,0,0,0,0,0,0,0,0,0,0,0,0,0,0,0,0,0,0,0,0,0,0,0,0,0,0,0,0,0,0,0,0,0,0,0,0,0,0,0,0,0,0,0,0,0,0,0,0,0,0,0,0,0,0,0,0,0,0,0,0,0,0,0,0,0,0,0,0,0,0,0,0,0,0,0,0,0,0,0,0,0,0,0,0,0,0,0,0,0,0,0,0,0,0,0,0,0,0,0,0,0,0,0,0,0,0,0,0,0,0,0,0,0,0,0,0,0,0,0,0,0,0,0,0,0,0,0,0,0,0,0,0,0,0,0,0,0,0,0,0,0,0,0,0,0,0,0,0,0,0,0,0,0,0,0,0,0,0,0,0,0,0,0,0,0,0,0,0,0,0,8906,0,6539,1,0,0,0,0,0,0,0,0,0,0,0,0,0,0,0,0,0,0,0,0,0,0,0,0,0,0,0,0,0,0,0,0,0,0,0,0,0,0,0,0,0,0,0,0,0,0,0,0,0,0,0,0,0,0,0,0,0,0,0,0,0,0,0,0,0,0,0,0,0,0,0,0,0,0,0,0,0,0,0,0,0,0,0,0,0,0,0,0,0,0,0,0,0,0,0,0,0,0,0,0,0,0,0,0,0,0,0,0,0,0,0,0,0,0,0,0,0,0,0,0,0,0,0,0,0,0,0,0,0,0,0,0,0,0,0,0,0,0,0,0,0,0,0,0,0,0,0,0,0,0,0,0,0,0,0,0,0,0,0,0,0,0,0,0,0,0,0,0,0,0,0,0,0,0,0,0,0,0,0,0,0,0,0,0,0,0,0,0,0,0,0,0,0,0,0,0,0,0,0,0,0,0,0,0,0,0,0,0,0,0,0,0,0,0,0,0,0,0,0,0,0,0,0,0,0,0,0,0,0,0
8,BRAŞOV,2,FINAL,CNTY,P,P_BEJ,"2020-10-08 18:49:12",525660,517455,1274,5535,1396,219132,212136,85,5524,1387,210368,8477,571352,347752,79679,35,34625,14,45561,3,6660,1,4681,0,6404,0,11776,2,161,0,0,0,5627,1,273,0,656,0,375,0,663,0,0,0,0,0,534,0,0,0,0,0,704,0,0,0,0,0,1060,0,0,0,0,0,4,0,0,0,0,0,114,0,0,0,0,0,0,0,0,0,0,0,0,0,0,0,0,0,0,0,0,0,4750,1,287,0,0,0,0,0,0,0,0,0,0,0,0,0,0,0,0,0,0,0,0,0,0,0,0,0,0,0,0,0,0,0,0,0,0,0,0,0,0,0,0,0,0,0,0,0,0,0,0,0,0,0,0,0,0,0,0,0,0,0,0,0,0,0,0,0,0,0,0,0,0,0,0,0,0,0,0,0,0,0,0,0,0,0,0,0,0,0,0,0,0,0,0,0,0,0,0,0,0,0,0,0,0,0,0,0,0,0,0,0,0,0,0,0,0,0,0,0,0,0,0,0,0,0,0,0,0,0,0,0,0,0,0,0,0,0,0,0,0,0,0,0,0,0,0,0,0,0,1498,0,0,0,0,0,0,0,0,0,3943,1,308,0,25,0,0,0,0,0,0,0,0,0,0,0,0,0,0,0,0,0,0,0,0,0,0,0,0,0,0,0,0,0,0,0,0,0,0,0,0,0,0,0,0,0,0,0,0,0,0,0,0,0,0,0,0,0,0,0,0,0,0,0,0,0,0,0,0,0,0,0,0,0,0,0,0,0,0,0,0,0,0,0,0,0,0,0,0,0,0,0,0,0,0,0,0,0,0,0,0,0,0,0,0,0,0,0,0,0,0,0,0,0,0,0,0,0,0,0,0,0,0,0,0,0,0,0,0,0,0,0,0,0,0,0,0,0,0,0,0,0,0,0,0,0,0,0,0,0,0,0,0,0,0,0,0,0,0,0,0,0,0,0,0,0,0,0,0,0,0,0,0,0,0,0,0,0,0,0,0,0,0,0,0,0,0,0,0,0,0,0,0,0,0,0,0,0,0,0,0,0,0,0,0,0,0,0,0,0,0,0,0,0,0,0,0,0,0,0,0,0,0,0,0,0,0,0,0,0
10,BUZĂU,1,FINAL,CNTY,P,P_BEJ,"2020-09-28 23:11:18",379740,370219,199,5602,3720,200874,191561,23,5602,3688,191658,9067,418213,217157,31570,10,109829,67,0,0,18643,5,3478,0,11666,3,1527,0,916,0,0,0,0,0,48,0,309,0,0,0,0,0,0,0,0,0,0,0,0,0,0,0,0,0,0,0,0,0,0,0,0,0,0,0,0,0,0,0,0,0,262,0,0,0,0,0,0,0,0,0,111,0,0,0,104,0,0,0,359,0,0,0,0,0,0,0,0,0,0,0,0,0,0,0,0,0,0,0,0,0,0,0,0,0,0,0,0,0,0,0,0,0,0,0,0,0,0,0,0,0,0,0,0,0,0,0,0,0,0,0,0,0,0,0,0,0,0,0,0,0,0,0,0,0,0,0,0,0,0,0,0,0,0,0,0,0,0,0,0,0,0,0,0,0,0,0,0,0,0,0,0,0,0,0,0,0,0,0,0,0,0,0,0,0,0,0,0,0,0,0,0,0,0,0,0,0,0,0,0,0,0,0,0,0,0,0,0,0,0,0,0,0,0,0,0,0,0,0,0,0,0,0,0,0,0,0,0,0,0,0,0,0,0,0,0,0,0,0,0,0,0,0,0,0,0,0,0,0,6921,1,4731,1,1184,0,0,0,0,0,0,0,0,0,0,0,0,0,0,0,0,0,0,0,0,0,0,0,0,0,0,0,0,0,0,0,0,0,0,0,0,0,0,0,0,0,0,0,0,0,0,0,0,0,0,0,0,0,0,0,0,0,0,0,0,0,0,0,0,0,0,0,0,0,0,0,0,0,0,0,0,0,0,0,0,0,0,0,0,0,0,0,0,0,0,0,0,0,0,0,0,0,0,0,0,0,0,0,0,0,0,0,0,0,0,0,0,0,0,0,0,0,0,0,0,0,0,0,0,0,0,0,0,0,0,0,0,0,0,0,0,0,0,0,0,0,0,0,0,0,0,0,0,0,0,0,0,0,0,0,0,0,0,0,0,0,0,0,0,0,0,0,0,0,0,0,0,0,0,0,0,0,0,0,0,0,0,0,0,0,0,0,0,0,0,0,0,0,0,0,0,0,0,0,0,0,0,0,0,0,0,0,0,0,0,0,0,0,0,0,0,0,0,0
12,CĂLĂRAŞI,1,FINAL,CNTY,P,P_BEJ,"2020-09-28 16:29:29",253665,246303,176,4679,2507,136692,129507,9,4678,2498,130554,6055,272467,135740,50921,26,54796,27,0,0,4720,0,1132,0,5766,0,174,0,324,0,0,0,0,0,178,0,2087,1,0,0,0,0,0,0,0,0,963,0,0,0,0,0,360,0,0,0,361,0,0,0,0,0,0,0,0,0,0,0,0,0,0,0,0,0,0,0,0,0,0,0,1345,0,0,0,1316,0,0,0,0,0,0,0,0,0,0,0,0,0,0,0,0,0,0,0,0,0,0,0,0,0,0,0,0,0,0,0,0,0,0,0,0,0,0,0,0,0,0,0,0,0,0,0,0,0,0,0,0,0,0,0,0,0,0,0,0,0,0,0,0,0,0,0,0,0,0,0,0,0,0,0,0,0,0,0,0,0,0,0,0,0,0,0,0,0,0,0,0,0,0,0,0,0,0,0,0,0,0,0,0,0,0,0,0,0,0,0,0,0,0,0,0,0,0,0,0,0,0,0,0,0,0,0,0,0,0,0,0,0,0,0,0,0,0,0,0,0,0,0,0,0,0,0,0,0,0,0,0,0,0,0,0,0,0,0,0,0,0,0,0,0,0,0,0,0,0,0,0,0,0,0,0,0,0,0,3954,1,1195,0,525,0,303,0,84,0,50,0,0,0,0,0,0,0,0,0,0,0,0,0,0,0,0,0,0,0,0,0,0,0,0,0,0,0,0,0,0,0,0,0,0,0,0,0,0,0,0,0,0,0,0,0,0,0,0,0,0,0,0,0,0,0,0,0,0,0,0,0,0,0,0,0,0,0,0,0,0,0,0,0,0,0,0,0,0,0,0,0,0,0,0,0,0,0,0,0,0,0,0,0,0,0,0,0,0,0,0,0,0,0,0,0,0,0,0,0,0,0,0,0,0,0,0,0,0,0,0,0,0,0,0,0,0,0,0,0,0,0,0,0,0,0,0,0,0,0,0,0,0,0,0,0,0,0,0,0,0,0,0,0,0,0,0,0,0,0,0,0,0,0,0,0,0,0,0,0,0,0,0,0,0,0,0,0,0,0,0,0,0,0,0,0,0,0,0,0,0,0,0,0,0,0,0,0,0,0,0,0,0,0,0,0,0,0
11,CARAŞ-SEVERIN,2,FINAL,CNTY,P,P_BEJ,"2020-10-02 11:57:23",269075,257637,432,7558,3448,128721,117692,62,7542,3425,119531,4072,279391,155666,50057,32,17188,13,2991,0,9063,4,348,0,4225,2,4904,2,0,0,0,0,7,0,12,0,1877,1,521,0,0,0,0,0,0,0,276,0,0,0,0,0,2129,0,0,0,0,0,0,0,0,0,0,0,0,0,0,0,0,0,269,0,0,0,0,0,0,0,0,0,0,0,0,0,0,0,0,0,0,0,0,0,0,0,0,0,0,0,0,0,8,0,0,0,0,0,0,0,0,0,0,0,0,0,0,0,0,0,0,0,0,0,0,0,0,0,0,0,0,0,0,0,0,0,0,0,0,0,0,0,0,0,0,0,0,0,0,0,0,0,0,0,0,0,0,0,0,0,0,0,0,0,0,0,0,0,0,0,0,0,0,0,0,0,0,0,0,0,0,0,0,0,0,0,0,0,0,0,0,0,0,0,0,0,0,0,0,0,0,0,0,0,0,0,0,0,0,0,0,0,0,0,0,0,0,0,0,0,0,0,0,0,0,0,0,0,0,0,0,0,0,0,0,0,0,0,0,0,0,0,0,0,0,0,0,0,19,0,0,0,0,0,0,0,0,0,0,0,0,0,0,0,0,0,0,0,0,0,0,0,0,0,0,0,0,0,16049,13,7627,9,1865,0,96,0,0,0,0,0,0,0,0,0,0,0,0,0,0,0,0,0,0,0,0,0,0,0,0,0,0,0,0,0,0,0,0,0,0,0,0,0,0,0,0,0,0,0,0,0,0,0,0,0,0,0,0,0,0,0,0,0,0,0,0,0,0,0,0,0,0,0,0,0,0,0,0,0,0,0,0,0,0,0,0,0,0,0,0,0,0,0,0,0,0,0,0,0,0,0,0,0,0,0,0,0,0,0,0,0,0,0,0,0,0,0,0,0,0,0,0,0,0,0,0,0,0,0,0,0,0,0,0,0,0,0,0,0,0,0,0,0,0,0,0,0,0,0,0,0,0,0,0,0,0,0,0,0,0,0,0,0,0,0,0,0,0,0,0,0,0,0,0,0,0,0,0,0,0,0,0,0,0,0,0,0,0,0,0,0,0,0,0,0,0,0,0,0,0,0,0,0,0,0
13,CLUJ,1,FINAL,CNTY,P,P_BEJ,"2020-09-28 03:04:28",622392,604373,6137,9204,2678,265424,253449,110,9197,2668,258398,6934,682879,417475,146208,51,29665,11,22316,1,10098,3,4302,1,9999,0,11064,4,927,0,0,0,16131,9,2631,1,1414,0,151,0,71,0,0,0,0,0,836,0,0,0,735,0,0,0,0,0,42,0,0,0,0,0,0,0,0,0,0,0,11,0,0,0,0,0,0,0,397,0,0,0,0,0,0,0,0,0,0,0,0,0,0,0,0,0,449,0,0,0,0,0,0,0,0,0,141,0,0,0,0,0,0,0,0,0,0,0,0,0,0,0,0,0,0,0,0,0,0,0,0,0,0,0,0,0,0,0,0,0,0,0,0,0,0,0,0,0,0,0,0,0,0,0,0,0,0,0,0,0,0,0,0,0,0,0,0,0,0,0,0,0,0,0,0,0,0,0,0,0,0,0,0,0,0,0,0,0,0,0,0,0,0,0,0,0,0,0,0,0,0,0,0,0,0,0,0,0,0,0,0,0,0,0,0,0,0,0,0,0,0,0,0,0,0,0,20,0,0,0,0,0,0,0,0,0,0,0,0,0,0,0,0,0,0,0,0,0,0,0,0,0,0,0,0,0,0,0,0,0,0,0,0,0,0,0,0,0,0,0,0,0,0,0,0,0,0,0,0,0,0,0,0,0,0,0,559,0,213,0,18,0,0,0,0,0,0,0,0,0,0,0,0,0,0,0,0,0,0,0,0,0,0,0,0,0,0,0,0,0,0,0,0,0,0,0,0,0,0,0,0,0,0,0,0,0,0,0,0,0,0,0,0,0,0,0,0,0,0,0,0,0,0,0,0,0,0,0,0,0,0,0,0,0,0,0,0,0,0,0,0,0,0,0,0,0,0,0,0,0,0,0,0,0,0,0,0,0,0,0,0,0,0,0,0,0,0,0,0,0,0,0,0,0,0,0,0,0,0,0,0,0,0,0,0,0,0,0,0,0,0,0,0,0,0,0,0,0,0,0,0,0,0,0,0,0,0,0,0,0,0,0,0,0,0,0,0,0,0,0,0,0,0,0,0,0,0,0,0,0,0,0,0,0,0,0,0,0,0,0,0,0,0,0,0,0,0,0,0,0,0,0,0,0
14,CONSTANŢA,1,FINAL,CNTY,P,P_BEJ,"2020-09-28 03:47:57",626332,617230,1195,5846,2061,290270,282330,54,5845,2041,278650,10638,687027,394399,104120,31,71840,33,32745,0,16553,3,1708,0,10340,0,16152,1,653,0,0,0,0,0,0,0,5398,0,39,0,0,0,34,0,0,0,126,0,0,0,0,0,6548,0,0,0,4158,0,0,0,441,0,0,0,0,0,0,0,0,0,0,0,0,0,0,0,0,0,0,0,0,0,0,0,0,0,0,0,461,1,0,0,0,0,0,0,0,0,0,0,0,0,0,0,0,0,0,0,0,0,0,0,0,0,0,0,0,0,0,0,0,0,0,0,0,0,0,0,0,0,0,0,0,0,0,0,0,0,0,0,0,0,0,0,0,0,0,0,0,0,0,0,0,0,0,0,0,0,0,0,0,0,0,0,0,0,0,0,0,0,0,0,0,0,0,0,0,0,0,0,0,0,0,0,0,0,0,0,0,0,0,0,0,0,0,0,0,0,0,0,0,0,0,0,0,0,0,0,0,0,0,0,0,0,0,0,0,0,0,0,0,0,0,0,0,0,0,0,0,0,0,0,0,0,0,0,0,0,0,0,0,0,0,0,0,0,0,0,0,0,0,0,0,0,0,0,0,0,0,0,0,0,0,0,0,0,0,0,0,0,0,0,0,0,0,0,0,0,0,0,0,0,0,0,123,0,0,0,0,0,3860,1,1288,0,872,0,767,0,199,0,162,0,63,0,0,0,0,0,0,0,0,0,0,0,0,0,0,0,0,0,0,0,0,0,0,0,0,0,0,0,0,0,0,0,0,0,0,0,0,0,0,0,0,0,0,0,0,0,0,0,0,0,0,0,0,0,0,0,0,0,0,0,0,0,0,0,0,0,0,0,0,0,0,0,0,0,0,0,0,0,0,0,0,0,0,0,0,0,0,0,0,0,0,0,0,0,0,0,0,0,0,0,0,0,0,0,0,0,0,0,0,0,0,0,0,0,0,0,0,0,0,0,0,0,0,0,0,0,0,0,0,0,0,0,0,0,0,0,0,0,0,0,0,0,0,0,0,0,0,0,0,0,0,0,0,0,0,0,0,0,0,0,0,0,0,0,0,0,0,0,0,0,0,0,0,0,0,0,0,0,0,0
15,COVASNA,1,FINAL,CNTY,P,P_BEJ,"2020-09-29 13:44:32",183235,179530,345,1531,1829,74137,70767,26,1523,1821,70624,3478,201167,127054,3165,0,3818,2,1470,2,1721,0,1882,1,672,0,9223,5,0,0,0,0,42655,34,0,0,0,0,0,0,0,0,0,0,0,0,0,0,0,0,0,0,0,0,0,0,0,0,0,0,0,0,0,0,0,0,0,0,0,0,0,0,0,0,0,0,0,0,0,0,0,0,0,0,0,0,0,0,0,0,0,0,0,0,0,0,0,0,0,0,0,0,0,0,0,0,0,0,0,0,0,0,0,0,0,0,0,0,0,0,0,0,0,0,0,0,0,0,0,0,0,0,0,0,0,0,0,0,0,0,0,0,0,0,0,0,0,0,0,0,0,0,0,0,0,0,0,0,0,0,0,0,0,0,0,0,0,0,0,0,0,0,0,0,0,0,0,0,0,0,0,0,0,0,0,0,0,0,0,0,0,0,0,0,0,0,0,0,0,0,0,0,0,0,0,0,0,0,0,0,0,0,0,0,0,0,0,0,0,0,0,0,0,0,0,0,0,0,0,0,0,0,0,0,0,0,0,0,0,0,0,0,0,0,0,0,0,0,0,0,0,0,0,0,0,0,0,0,0,0,0,0,0,0,0,0,0,0,0,0,0,0,0,0,0,0,0,0,0,0,0,0,0,0,0,0,5722,1,0,0,0,0,0,0,0,0,0,0,0,0,0,0,0,0,296,0,0,0,0,0,0,0,0,0,0,0,0,0,0,0,0,0,0,0,0,0,0,0,0,0,0,0,0,0,0,0,0,0,0,0,0,0,0,0,0,0,0,0,0,0,0,0,0,0,0,0,0,0,0,0,0,0,0,0,0,0,0,0,0,0,0,0,0,0,0,0,0,0,0,0,0,0,0,0,0,0,0,0,0,0,0,0,0,0,0,0,0,0,0,0,0,0,0,0,0,0,0,0,0,0,0,0,0,0,0,0,0,0,0,0,0,0,0,0,0,0,0,0,0,0,0,0,0,0,0,0,0,0,0,0,0,0,0,0,0,0,0,0,0,0,0,0,0,0,0,0,0,0,0,0,0,0,0,0,0,0,0,0,0,0,0,0,0,0,0,0,0,0,0,0,0,0
16,DÂMBOVIŢA,1,FINAL,CNTY,P,P_BEJ,"2020-09-28 09:50:32",429571,422729,328,4626,1888,227141,220607,27,4626,1881,220122,6856,467216,240209,63151,21,118072,63,4898,0,4152,0,1072,0,19405,2,4532,2,309,0,0,0,0,0,0,0,622,0,0,0,0,0,0,0,0,0,237,0,0,0,0,0,2730,0,0,0,0,0,0,0,0,0,0,0,0,0,0,0,0,0,0,0,0,0,0,0,0,0,0,0,0,0,0,0,0,0,0,0,0,0,0,0,11,0,0,0,0,0,0,0,0,0,0,0,0,0,0,0,0,0,931,1,0,0,0,0,0,0,0,0,0,0,0,0,0,0,0,0,0,0,0,0,0,0,0,0,0,0,0,0,0,0,0,0,0,0,0,0,0,0,0,0,0,0,0,0,0,0,0,0,0,0,0,0,0,0,0,0,0,0,0,0,0,0,0,0,0,0,0,0,0,0,0,0,0,0,0,0,0,0,0,0,0,0,0,0,0,0,0,0,0,0,0,0,0,0,0,0,0,0,0,0,0,0,0,0,0,0,0,0,0,0,0,0,0,0,0,0,0,0,0,0,0,0,0,0,0,0,0,0,0,0,0,0,0,0,0,0,0,0,0,0,0,0,0,0,0,0,0,0,0,0,0,0,0,0,0,0,0,0,0,0,0,0,0,0,0,0,0,0,0,0,0,0,0,0,0,0,0,0,0,0,0,0,0,0,0,0,0,0,0,0,0,0,0,0,0,0,0,0,0,0,0,0,0,0,0,0,0,0,0,0,0,0,0,0,0,0,0,0,0,0,0,0,0,0,0,0,0,0,0,0,0,0,0,0,0,0,0,0,0,0,0,0,0,0,0,0,0,0,0,0,0,0,0,0,0,0,0,0,0,0,0,0,0,0,0,0,0,0,0,0,0,0,0,0,0,0,0,0,0,0,0,0,0,0,0,0,0,0,0,0,0,0,0,0,0,0,0,0,0,0,0,0,0,0,0,0,0,0,0,0,0,0,0,0,0,0,0,0,0,0,0,0,0,0,0,0,0,0,0,0,0,0,0,0,0,0,0,0,0,0,0,0,0,0,0,0,0,0,0,0,0,0,0,0,0,0,0,0,0,0,0,0,0,0,0,0,0,0,0,0
17,DOLJ,2,FINAL,CNTY,P,P_BEJ,"2020-10-01 23:01:39",579733,560916,852,12497,5468,286104,268146,54,12497,5407,273903,11756,638553,352615,85042,30,125069,78,14892,0,10698,2,2347,0,11621,0,1522,0,0,0,0,0,0,0,339,0,636,0,976,1,0,0,0,0,0,0,0,0,0,0,0,0,19186,0,0,0,0,0,0,0,0,0,0,0,527,0,0,0,0,0,0,0,0,0,0,0,447,0,0,0,0,0,0,0,0,0,0,0,0,0,0,0,601,0,0,0,0,0,0,0,0,0,0,0,0,0,0,0,0,0,0,0,0,0,0,0,0,0,0,0,0,0,0,0,0,0,0,0,0,0,0,0,0,0,0,0,0,0,0,0,0,0,0,0,0,0,0,0,0,0,0,0,0,0,0,0,0,0,0,0,0,0,0,0,0,0,0,0,0,0,0,0,0,0,0,0,0,0,0,0,0,0,0,0,0,0,0,0,0,0,0,0,0,0,0,0,0,0,0,0,0,0,0,0,0,0,0,0,0,0,0,0,0,0,0,0,0,0,0,0,0,0,0,0,0,0,0,0,0,0,0,0,0,0,0,0,0,0,0,0,0,0,0,0,0,0,0,0,0,0,0,0,0,0,0,0,0,0,0,0,0,0,0,0,0,0,0,0,0,0,0,0,0,0,0,0,0,0,0,0,0,0,0,0,0,0,0,0,0,0,0,0,0,0,0,0,0,0,0,0,0,0,0,0,0,0,0,0,0,0,0,0,0,0,0,0,0,0,0,0,0,0,0,0,0,0,0,0,0,0,0,0,0,0,0,0,0,0,0,0,0,0,0,0,0,0,0,0,0,0,0,0,0,0,0,0,0,0,0,0,0,0,0,0,0,0,0,0,0,0,0,0,0,0,0,0,0,0,0,0,0,0,0,0,0,0,0,0,0,0,0,0,0,0,0,0,0,0,0,0,0,0,0,0,0,0,0,0,0,0,0,0,0,0,0,0,0,0,0,0,0,0,0,0,0,0,0,0,0,0,0,0,0,0,0,0,0,0,0,0,0,0,0,0,0,0,0,0,0,0,0,0,0,0,0,0,0,0,0,0,0,0,0,0,0,0,0,0,0,0,0,0,0,0,0,0,0,0,0,0,0,0
18,GALAŢI,1,FINAL,CNTY,P,P_BEJ,"2020-09-29 17:35:05",526596,518879,569,4385,2763,211464,204453,27,4289,2695,202619,8832,576415,363963,38056,17,100883,43,17389,1,11085,1,6656,1,10347,2,2397,0,1076,0,0,0,0,0,256,0,2925,0,0,0,0,0,0,0,0,0,0,0,0,0,0,0,1989,0,0,0,0,0,0,0,0,0,0,0,0,0,0,0,43,0,391,0,0,0,0,0,0,0,0,0,278,0,0,0,51,0,0,0,0,0,0,0,0,0,0,0,0,0,0,0,0,0,0,0,0,0,0,0,0,0,0,0,0,0,0,0,0,0,0,0,0,0,0,0,0,0,0,0,0,0,0,0,0,0,0,0,0,0,0,0,0,0,0,0,0,0,0,0,0,0,0,0,0,0,0,0,0,0,0,0,0,0,0,0,0,0,0,0,0,0,0,0,0,0,0,0,0,0,0,0,0,0,0,0,0,0,0,0,0,0,0,0,0,0,0,0,0,0,0,0,0,0,0,0,0,0,0,0,0,0,0,0,0,0,0,0,0,0,0,0,0,0,0,0,0,0,0,0,0,0,0,0,0,0,0,0,0,0,0,0,0,0,862,0,0,0,0,0,0,0,0,0,0,0,0,0,0,0,0,0,0,0,0,0,0,0,0,0,0,0,0,0,0,0,0,0,0,0,0,0,0,0,0,0,0,0,0,0,0,0,0,0,0,0,0,0,0,0,0,0,0,0,0,0,0,0,4577,0,3358,0,0,0,0,0,0,0,0,0,0,0,0,0,0,0,0,0,0,0,0,0,0,0,0,0,0,0,0,0,0,0,0,0,0,0,0,0,0,0,0,0,0,0,0,0,0,0,0,0,0,0,0,0,0,0,0,0,0,0,0,0,0,0,0,0,0,0,0,0,0,0,0,0,0,0,0,0,0,0,0,0,0,0,0,0,0,0,0,0,0,0,0,0,0,0,0,0,0,0,0,0,0,0,0,0,0,0,0,0,0,0,0,0,0,0,0,0,0,0,0,0,0,0,0,0,0,0,0,0,0,0,0,0,0,0,0,0,0,0,0,0,0,0,0,0,0,0,0,0,0,0,0,0,0,0,0,0,0,0,0,0,0,0,0,0,0,0,0,0,0,0,0,0
19,GIURGIU,1,FINAL,CNTY,P,P_BEJ,"2020-09-29 17:33:35",227862,218347,160,6377,2978,131696,122329,24,6372,2971,125099,6175,242630,111317,61918,34,42141,17,3222,0,3112,0,3678,2,7713,0,2073,1,26,0,0,0,0,0,0,0,0,0,0,0,0,0,433,0,0,0,53,0,0,0,0,0,0,0,0,0,0,0,0,0,0,0,0,0,0,0,0,0,0,0,0,0,0,0,0,0,0,0,0,0,0,0,0,0,0,0,0,0,0,0,0,0,0,0,0,0,0,0,0,0,0,0,0,0,0,0,0,0,0,0,0,0,0,0,0,0,0,0,0,0,0,0,0,0,0,0,0,0,0,0,0,0,0,0,0,0,0,0,0,0,0,0,0,0,0,0,0,0,0,0,0,0,0,0,0,0,0,0,0,0,0,0,0,0,0,0,0,0,0,0,0,0,0,0,0,0,0,0,0,0,0,0,0,0,0,0,0,0,0,0,0,0,0,0,0,0,0,0,0,0,0,0,0,0,0,0,0,0,0,0,0,0,0,0,0,0,0,0,0,0,0,0,0,0,0,0,0,0,0,0,0,0,0,0,0,0,0,0,0,0,0,0,0,0,0,0,0,0,0,0,0,0,0,0,0,0,0,0,0,0,0,0,0,0,0,0,0,0,0,0,0,0,0,0,0,0,0,0,0,0,0,0,0,0,0,0,0,0,0,0,0,0,0,0,0,0,0,0,0,0,0,0,0,0,0,0,0,0,0,0,730,0,0,0,0,0,0,0,0,0,0,0,0,0,0,0,0,0,0,0,0,0,0,0,0,0,0,0,0,0,0,0,0,0,0,0,0,0,0,0,0,0,0,0,0,0,0,0,0,0,0,0,0,0,0,0,0,0,0,0,0,0,0,0,0,0,0,0,0,0,0,0,0,0,0,0,0,0,0,0,0,0,0,0,0,0,0,0,0,0,0,0,0,0,0,0,0,0,0,0,0,0,0,0,0,0,0,0,0,0,0,0,0,0,0,0,0,0,0,0,0,0,0,0,0,0,0,0,0,0,0,0,0,0,0,0,0,0,0,0,0,0,0,0,0,0,0,0,0,0,0,0,0,0,0,0,0,0,0,0,0,0,0,0,0,0,0,0,0,0,0,0
20,GORJ,1,FINAL,CNTY,P,P_BEJ,"2020-10-01 20:12:22",298978,291323,256,5795,1604,160384,152968,23,5793,1600,154298,6038,326258,165841,52169,23,68135,43,1672,0,7828,1,2208,0,10528,3,83,0,0,0,0,0,0,0,2024,0,635,0,0,0,0,0,0,0,0,0,422,0,0,0,0,0,1690,0,0,0,0,0,0,0,0,0,0,0,0,0,0,0,0,0,0,0,0,0,0,0,74,0,0,0,4659,0,0,0,336,0,0,0,0,0,0,0,1701,0,0,0,0,0,0,0,0,0,0,0,0,0,0,0,0,0,0,0,0,0,0,0,0,0,0,0,0,0,0,0,0,0,0,0,0,0,0,0,0,0,0,0,0,0,0,0,0,0,0,0,0,0,0,0,0,0,0,0,0,0,0,0,0,0,0,0,0,0,0,0,0,0,0,0,0,0,0,0,0,0,0,0,0,0,0,0,0,0,0,0,0,0,0,0,0,0,0,0,0,0,0,0,0,0,0,0,0,0,0,0,0,0,0,0,0,0,0,0,0,0,0,0,0,0,0,0,0,0,0,0,0,0,0,0,0,0,0,0,0,0,0,0,0,0,0,0,0,0,0,0,0,0,0,0,0,0,0,0,0,0,0,0,121,0,0,0,0,0,0,0,0,0,0,0,0,0,0,0,0,0,0,0,0,0,0,0,0,0,0,0,0,0,0,0,0,0,0,0,0,0,0,0,0,0,0,0,0,0,0,0,0,0,0,0,0,0,0,0,13,0,0,0,0,0,0,0,0,0,0,0,0,0,0,0,0,0,0,0,0,0,0,0,0,0,0,0,0,0,0,0,0,0,0,0,0,0,0,0,0,0,0,0,0,0,0,0,0,0,0,0,0,0,0,0,0,0,0,0,0,0,0,0,0,0,0,0,0,0,0,0,0,0,0,0,0,0,0,0,0,0,0,0,0,0,0,0,0,0,0,0,0,0,0,0,0,0,0,0,0,0,0,0,0,0,0,0,0,0,0,0,0,0,0,0,0,0,0,0,0,0,0,0,0,0,0,0,0,0,0,0,0,0,0,0,0,0,0,0,0,0,0,0,0,0,0,0,0,0,0,0,0,0,0,0,0,0,0,0,0,0,0,0,0,0,0,0,0,0
21,HARGHITA,1,FINAL,CNTY,P,P_BEJ,"2020-09-28 19:05:32",270315,266809,655,1593,1258,113502,110615,56,1580,1251,109514,3977,298154,181936,4344,1,6225,7,807,0,1157,0,0,0,270,0,9015,5,0,0,0,0,60892,48,0,0,0,0,0,0,0,0,0,0,36,0,0,0,0,0,0,0,0,0,0,0,0,0,0,0,0,0,0,0,0,0,0,0,0,0,0,0,0,0,0,0,0,0,0,0,0,0,0,0,0,0,0,0,0,0,0,0,0,0,9148,1,0,0,584,0,0,0,0,0,0,0,0,0,0,0,0,0,0,0,0,0,0,0,0,0,0,0,0,0,0,0,0,0,0,0,0,0,0,0,0,0,0,0,0,0,0,0,0,0,0,0,0,0,0,0,0,0,0,0,0,0,0,0,0,0,0,0,0,0,0,0,0,0,0,0,0,0,0,0,0,0,0,0,0,0,0,0,0,0,0,0,0,0,0,0,0,0,0,0,0,0,0,0,0,0,0,0,0,0,0,0,0,0,0,0,0,0,0,0,0,0,0,0,0,0,0,0,0,0,0,0,0,0,0,0,0,0,0,0,0,0,0,0,0,0,0,0,0,0,0,0,0,0,0,0,0,0,0,0,0,0,123,0,0,0,0,0,0,0,0,0,0,0,0,0,0,0,0,0,0,0,0,0,0,0,0,0,0,0,0,0,16666,5,0,0,0,0,0,0,0,0,0,0,0,0,0,0,0,0,0,0,0,0,0,0,0,0,0,0,163,0,84,0,0,0,0,0,0,0,0,0,0,0,0,0,0,0,0,0,0,0,0,0,0,0,0,0,0,0,0,0,0,0,0,0,0,0,0,0,0,0,0,0,0,0,0,0,0,0,0,0,0,0,0,0,0,0,0,0,0,0,0,0,0,0,0,0,0,0,0,0,0,0,0,0,0,0,0,0,0,0,0,0,0,0,0,0,0,0,0,0,0,0,0,0,0,0,0,0,0,0,0,0,0,0,0,0,0,0,0,0,0,0,0,0,0,0,0,0,0,0,0,0,0,0,0,0,0,0,0,0,0,0,0,0,0,0,0,0,0,0,0,0,0,0,0,0,0,0,0,0,0,0,0,0,0,0,0,0,0,0,0,0,0,0,0,0
22,HUNEDOARA,1,FINAL,CNTY,P,P_BEJ,"2020-09-30 00:44:59",384575,374649,607,7103,2216,175264,165936,54,7083,2191,169805,5286,428292,252781,50080,33,71670,34,3640,0,6081,0,1969,0,12155,2,3509,0,2346,0,0,0,0,0,0,0,2868,0,81,0,0,0,0,0,0,0,12,0,0,0,0,0,2231,0,0,0,0,0,0,0,0,0,0,0,0,0,0,0,0,0,0,0,0,0,0,0,0,0,0,0,5812,0,0,0,446,0,0,0,0,0,0,0,0,0,1420,0,0,0,0,0,0,0,0,0,0,0,0,0,0,0,0,0,0,0,0,0,0,0,0,0,0,0,0,0,0,0,0,0,0,0,0,0,0,0,0,0,0,0,0,0,0,0,0,0,0,0,0,0,0,0,0,0,0,0,0,0,0,0,0,0,0,0,0,0,0,0,0,0,0,0,0,0,0,0,0,0,0,0,0,0,0,0,0,0,0,0,0,0,0,0,0,0,0,0,0,0,0,0,0,0,0,0,0,0,0,0,0,0,0,0,0,0,0,0,0,0,0,0,0,0,0,0,0,0,0,0,0,0,0,0,0,0,0,0,0,0,0,0,0,0,0,0,0,0,0,0,0,0,0,0,0,0,0,0,0,0,0,0,0,0,0,0,0,0,0,0,0,0,0,0,0,0,0,0,0,0,0,0,0,0,0,0,0,0,25,0,0,0,0,0,0,0,0,0,0,0,0,0,0,0,0,0,0,0,0,0,0,0,0,0,0,0,0,0,0,0,0,0,4067,0,894,0,499,0,0,0,0,0,0,0,0,0,0,0,0,0,0,0,0,0,0,0,0,0,0,0,0,0,0,0,0,0,0,0,0,0,0,0,0,0,0,0,0,0,0,0,0,0,0,0,0,0,0,0,0,0,0,0,0,0,0,0,0,0,0,0,0,0,0,0,0,0,0,0,0,0,0,0,0,0,0,0,0,0,0,0,0,0,0,0,0,0,0,0,0,0,0,0,0,0,0,0,0,0,0,0,0,0,0,0,0,0,0,0,0,0,0,0,0,0,0,0,0,0,0,0,0,0,0,0,0,0,0,0,0,0,0,0,0,0,0,0,0,0,0,0,0,0,0,0,0,0,0,0,0,0,0,0,0,0,0,0
23,IALOMIŢA,1,FINAL,CNTY,P,P_BEJ,"2020-09-28 12:03:05",230303,225116,415,2571,2201,115428,110664,14,2566,2184,110590,4716,251971,136626,35245,17,41798,38,5266,2,1954,0,3760,2,13299,3,2016,1,1864,1,0,0,0,0,60,0,447,0,0,0,0,0,0,0,0,0,0,0,0,0,0,0,942,0,0,0,0,0,0,0,0,0,0,0,0,0,0,0,0,0,0,0,0,0,0,0,0,0,0,0,0,0,0,0,0,0,0,0,0,0,0,0,0,0,0,0,0,0,0,0,0,0,0,0,0,0,0,0,0,0,0,0,0,0,0,0,0,0,0,0,0,0,0,0,0,0,0,0,0,0,0,0,0,0,0,0,0,0,0,0,0,0,0,0,0,0,0,0,0,0,0,0,0,0,0,0,0,0,0,0,0,0,0,0,0,0,0,0,0,0,0,0,0,0,0,0,0,0,0,0,0,0,0,0,0,0,0,0,0,0,0,0,0,0,0,0,0,0,0,0,0,0,0,0,0,0,0,0,0,0,0,0,0,0,0,0,0,0,0,0,0,0,0,0,0,0,0,0,0,0,0,0,0,0,0,0,0,0,0,0,0,0,206,0,0,0,0,0,0,0,0,0,0,0,0,0,0,0,0,0,0,0,0,0,0,0,0,0,0,0,0,0,0,0,0,0,0,0,0,0,0,0,0,0,0,0,0,0,0,0,0,0,0,0,0,0,0,0,0,0,0,0,0,0,0,0,0,0,0,0,0,0,0,0,0,0,0,0,0,0,0,0,0,0,3733,2,0,0,0,0,0,0,0,0,0,0,0,0,0,0,0,0,0,0,0,0,0,0,0,0,0,0,0,0,0,0,0,0,0,0,0,0,0,0,0,0,0,0,0,0,0,0,0,0,0,0,0,0,0,0,0,0,0,0,0,0,0,0,0,0,0,0,0,0,0,0,0,0,0,0,0,0,0,0,0,0,0,0,0,0,0,0,0,0,0,0,0,0,0,0,0,0,0,0,0,0,0,0,0,0,0,0,0,0,0,0,0,0,0,0,0,0,0,0,0,0,0,0,0,0,0,0,0,0,0,0,0,0,0,0,0,0,0,0,0,0,0,0,0,0,0,0,0,0,0,0,0,0,0,0,0,0
24,IAŞI,1,FINAL,CNTY,P,P_BEJ,"2020-09-29 14:00:14",789746,779036,1410,5987,3313,295443,286154,54,5983,3252,282573,11320,868690,572130,119429,50,83526,43,38319,3,13166,1,3798,0,9383,0,2766,1,1206,0,0,0,0,0,4181,0,416,0,292,0,0,0,162,0,0,0,0,0,0,0,0,0,739,0,0,0,138,0,0,0,0,0,0,0,0,0,0,0,0,0,1191,0,0,0,0,0,237,0,0,0,381,0,0,0,185,0,0,0,0,0,0,0,126,0,0,0,0,0,0,0,0,0,0,0,0,0,0,0,0,0,0,0,0,0,0,0,0,0,0,0,0,0,0,0,0,0,0,0,0,0,0,0,0,0,0,0,0,0,0,0,0,0,0,0,0,0,0,0,0,0,0,0,0,0,0,0,0,0,0,0,0,0,0,0,0,0,0,0,0,0,0,0,0,0,0,0,0,0,0,0,0,0,0,0,0,0,0,0,0,0,0,0,0,0,0,0,0,0,0,0,0,0,0,0,0,0,0,0,0,0,0,0,0,0,0,0,0,0,0,0,0,0,0,0,27,0,0,0,0,0,0,0,0,0,0,0,0,0,0,0,0,0,0,0,0,0,0,0,0,0,0,0,0,0,0,0,0,0,0,0,0,0,0,0,0,0,0,0,0,0,0,0,0,0,0,0,0,0,0,0,0,0,0,0,0,0,0,0,0,0,0,0,0,0,0,0,0,0,0,0,0,0,0,0,0,0,0,0,0,0,0,0,0,0,0,0,0,0,0,0,0,0,0,0,0,0,2592,0,238,0,75,0,0,0,0,0,0,0,0,0,0,0,0,0,0,0,0,0,0,0,0,0,0,0,0,0,0,0,0,0,0,0,0,0,0,0,0,0,0,0,0,0,0,0,0,0,0,0,0,0,0,0,0,0,0,0,0,0,0,0,0,0,0,0,0,0,0,0,0,0,0,0,0,0,0,0,0,0,0,0,0,0,0,0,0,0,0,0,0,0,0,0,0,0,0,0,0,0,0,0,0,0,0,0,0,0,0,0,0,0,0,0,0,0,0,0,0,0,0,0,0,0,0,0,0,0,0,0,0,0,0,0,0,0,0,0,0,0,0,0,0,0,0,0,0,0,0,0,0,0,0,0
25,ILFOV,1,FINAL,CNTY,P,P_BEJ,"2020-09-28 19:17:23",379447,367768,2389,7879,1411,196387,187032,66,7879,1410,190555,5785,408434,212012,93510,31,21084,2,21412,0,13323,1,208,0,10697,1,2922,0,217,0,0,0,0,0,2058,0,0,0,0,0,0,0,0,0,0,0,0,0,0,0,0,0,0,0,0,0,0,0,0,0,124,0,0,0,0,0,0,0,57,0,0,0,0,0,0,0,0,0,0,0,1521,0,0,0,1721,0,0,0,48,0,0,0,0,0,0,0,0,0,0,0,0,0,0,0,0,0,0,0,0,0,0,0,0,0,0,0,0,0,0,0,0,0,0,0,0,0,0,0,0,0,0,0,0,0,0,0,0,0,0,0,0,0,0,0,0,0,0,0,0,0,0,0,0,0,0,0,0,0,0,0,0,0,0,0,0,0,0,0,0,0,0,0,0,0,0,0,0,0,0,0,0,0,0,0,0,0,0,0,0,0,0,0,0,0,0,0,0,0,0,0,0,0,0,0,0,0,0,0,0,0,0,0,0,0,0,0,0,0,0,0,0,0,0,0,0,0,0,0,0,0,0,0,0,0,0,0,0,0,0,0,0,0,0,0,0,0,0,0,0,0,0,0,0,0,0,0,0,0,0,0,0,0,0,0,0,0,0,0,0,0,0,0,0,0,0,0,0,0,0,0,0,0,0,0,0,0,0,0,0,0,0,0,0,0,0,0,0,0,0,0,0,0,0,0,0,0,0,0,0,0,0,0,0,0,0,0,0,0,53,0,0,0,0,0,0,0,0,0,0,0,0,0,20841,5,474,0,285,0,0,0,0,0,0,0,0,0,0,0,0,0,0,0,0,0,0,0,0,0,0,0,0,0,0,0,0,0,0,0,0,0,0,0,0,0,0,0,0,0,0,0,0,0,0,0,0,0,0,0,0,0,0,0,0,0,0,0,0,0,0,0,0,0,0,0,0,0,0,0,0,0,0,0,0,0,0,0,0,0,0,0,0,0,0,0,0,0,0,0,0,0,0,0,0,0,0,0,0,0,0,0,0,0,0,0,0,0,0,0,0,0,0,0,0,0,0,0,0,0,0,0,0,0,0,0,0,0,0,0,0,0,0,0,0,0,0,0,0,0,0,0,0,0
26,MARAMUREŞ,3,FINAL,CNTY,P,P_BEJ,"2020-10-03 15:17:49",429471,420066,794,5640,2971,196803,188147,64,5635,2957,189532,7197,473064,274670,63949,25,0,0,7711,0,19903,5,1554,0,5263,0,7142,4,0,0,0,0,649,1,1705,0,0,0,0,0,0,0,0,0,0,0,91,0,0,0,0,0,3226,0,0,0,0,0,0,0,0,0,0,0,0,0,0,0,0,0,0,0,0,0,0,0,0,0,0,0,6669,4,0,0,1086,0,0,0,0,0,0,0,0,0,0,0,0,0,0,0,0,0,0,0,0,0,0,0,0,0,0,0,0,0,0,0,0,0,0,0,0,0,0,0,0,0,0,0,0,0,0,0,0,0,0,0,0,0,0,0,0,0,0,0,0,0,0,0,0,0,0,0,0,0,0,0,0,0,0,0,0,0,0,0,0,0,0,0,0,0,0,0,0,0,0,0,0,0,0,0,0,0,0,0,0,0,0,0,0,0,0,0,0,0,0,0,0,0,0,0,0,0,0,0,0,0,0,0,0,0,0,0,0,0,0,0,0,0,0,0,0,0,0,0,32,0,0,0,0,0,0,0,0,0,0,0,0,0,0,0,0,0,0,0,0,0,1030,1,0,0,0,0,0,0,0,0,0,0,0,0,0,0,0,0,0,0,0,0,0,0,0,0,0,0,0,0,0,0,0,0,0,0,0,0,0,0,0,0,0,0,0,0,0,0,0,0,0,0,0,0,0,0,0,0,0,0,0,0,0,0,0,0,0,0,0,0,0,0,0,0,0,0,0,0,0,0,0,0,0,0,0,0,0,0,0,0,0,0,69107,36,415,0,0,0,0,0,0,0,0,0,0,0,0,0,0,0,0,0,0,0,0,0,0,0,0,0,0,0,0,0,0,0,0,0,0,0,0,0,0,0,0,0,0,0,0,0,0,0,0,0,0,0,0,0,0,0,0,0,0,0,0,0,0,0,0,0,0,0,0,0,0,0,0,0,0,0,0,0,0,0,0,0,0,0,0,0,0,0,0,0,0,0,0,0,0,0,0,0,0,0,0,0,0,0,0,0,0,0,0,0,0,0,0,0,0,0,0,0,0,0,0,0,0,0,0,0,0,0,0,0,0,0,0,0,0,0,0,0,0,0,0,0
27,MEHEDINŢI,2,FINAL,CNTY,P,P_BEJ,"2020-10-02 14:09:42",239742,223938,225,11679,3900,127972,112419,22,11662,3869,123278,4406,265288,136758,43180,20,55641,41,2939,0,6732,2,1339,0,10140,2,1612,1,0,0,0,0,58,0,760,0,359,0,0,0,0,0,0,0,0,0,0,0,0,0,0,0,0,0,0,0,38,0,0,0,0,0,0,0,202,0,0,0,0,0,0,0,0,0,0,0,0,0,0,0,42,0,0,0,0,0,0,0,37,0,0,0,0,0,0,0,0,0,0,0,0,0,0,0,0,0,0,0,0,0,0,0,0,0,0,0,0,0,0,0,0,0,0,0,0,0,0,0,0,0,0,0,0,0,0,0,0,0,0,0,0,0,0,0,0,0,0,0,0,0,0,0,0,0,0,0,0,0,0,0,0,0,0,0,0,0,0,0,0,0,0,0,0,0,0,0,0,0,0,0,0,0,0,0,0,0,0,0,0,0,0,0,0,0,0,0,0,0,0,0,0,0,0,0,0,0,0,0,0,0,0,0,0,0,0,0,0,0,0,0,0,0,0,0,0,0,0,0,0,0,0,0,0,0,0,0,0,0,0,0,0,0,194,0,0,0,0,0,0,0,0,0,0,0,0,0,0,0,0,0,0,0,0,0,0,0,0,0,0,0,0,0,0,0,0,0,0,0,0,0,0,0,0,0,0,0,0,0,0,0,0,0,0,0,0,0,0,0,0,0,0,0,0,0,0,0,0,0,0,0,0,0,0,0,0,0,0,0,5,0,0,0,0,0,0,0,0,0,0,0,0,0,0,0,0,0,0,0,0,0,0,0,0,0,0,0,0,0,0,0,0,0,0,0,0,0,0,0,0,0,0,0,0,0,0,0,0,0,0,0,0,0,0,0,0,0,0,0,0,0,0,0,0,0,0,0,0,0,0,0,0,0,0,0,0,0,0,0,0,0,0,0,0,0,0,0,0,0,0,0,0,0,0,0,0,0,0,0,0,0,0,0,0,0,0,0,0,0,0,0,0,0,0,0,0,0,0,0,0,0,0,0,0,0,0,0,0,0,0,0,0,0,0,0,0,0,0,0,0,0,0,0,0,0,0,0,0,0,0,0,0,0,0,0,0,0,0,0,0,0,0,0
42,"MUNICIPIUL BUCUREŞTI",1,FINAL,CNTY,P,P_BEMB,"2020-10-01 13:53:44",1827726,1804451,8907,12917,1451,672004,657428,262,12904,1410,657159,14120,1990034,1316185,115695,1,156552,0,109237,2,40912,0,14339,0,0,0,8650,0,4720,0,0,0,0,0,1057,0,27191,1,0,0,0,0,997,0,0,0,4876,0,0,0,0,0,9286,0,0,0,255,0,0,0,0,0,0,0,0,0,0,0,0,0,1122,0,123,0,0,0,0,0,0,0,0,0,0,0,0,0,0,0,1061,0,0,0,136,0,0,0,0,0,0,0,0,0,0,0,0,0,0,0,0,0,0,0,0,0,0,0,0,0,0,0,0,0,0,0,0,0,0,0,0,0,0,0,0,0,0,0,0,0,0,0,0,0,0,0,0,0,0,0,0,0,0,0,0,0,0,0,0,0,0,0,0,0,0,0,0,0,0,0,0,0,0,0,0,0,0,0,0,0,0,0,0,0,0,0,0,0,0,0,0,0,0,0,0,0,0,0,0,0,0,0,0,0,0,0,0,0,0,0,0,0,0,0,0,0,0,0,0,0,0,0,0,0,0,0,0,0,0,0,0,0,0,0,0,0,0,0,0,0,0,0,0,0,0,0,0,0,0,0,0,0,0,0,0,0,0,0,0,0,0,0,0,0,0,0,0,0,0,0,0,0,0,0,0,0,0,0,0,0,0,0,0,0,0,0,0,0,0,0,0,0,0,0,0,0,0,0,0,0,1634,0,0,0,0,0,0,0,0,0,0,0,0,0,0,0,0,0,0,0,1265,0,0,0,0,0,0,0,0,0,0,0,0,0,0,0,0,0,0,0,0,0,12957,0,68617,1,58577,1,16035,0,865,0,512,0,488,0,0,0,0,0,0,0,0,0,0,0,0,0,0,0,0,0,0,0,0,0,0,0,0,0,0,0,0,0,0,0,0,0,0,0,0,0,0,0,0,0,0,0,0,0,0,0,0,0,0,0,0,0,0,0,0,0,0,0,0,0,0,0,0,0,0,0,0,0,0,0,0,0,0,0,0,0,0,0,0,0,0,0,0,0,0,0,0,0,0,0,0,0,0,0,0,0,0,0,0,0,0,0,0,0,0,0,0,0,0,0,0,0,0,0,0,0,0,0,0,0,0,0,0,0,0,0,0,0
28,MUREŞ,1,FINAL,CNTY,P,P_BEJ,"2020-09-28 01:14:41",486848,475990,1944,4809,4105,236828,227908,89,4745,4086,226715,9863,524919,288123,53592,26,34679,26,3335,1,11864,1,1178,0,15083,0,38638,7,1323,0,0,0,54587,39,1822,0,0,0,70,0,0,0,0,0,0,0,0,0,0,0,0,0,0,0,0,0,0,0,0,0,0,0,0,0,54,0,0,0,0,0,0,0,0,0,0,0,0,0,0,0,223,0,0,0,468,0,0,0,0,0,0,0,449,0,2104,0,0,0,0,0,0,0,0,0,0,0,0,0,0,0,0,0,0,0,0,0,0,0,0,0,0,0,0,0,0,0,0,0,0,0,0,0,0,0,0,0,0,0,0,0,0,0,0,0,0,0,0,0,0,0,0,0,0,0,0,0,0,0,0,0,0,0,0,0,0,0,0,0,0,0,0,0,0,0,0,0,0,0,0,0,0,0,0,0,0,0,0,0,0,0,0,0,0,0,0,0,0,0,0,0,0,0,0,0,0,0,0,0,0,0,0,0,0,0,0,0,0,0,0,0,0,0,0,0,0,0,0,0,0,0,0,0,0,0,0,0,0,0,0,0,0,0,58,0,0,0,0,0,0,0,0,0,0,0,0,0,0,0,0,0,0,0,0,0,0,0,0,0,0,0,0,0,0,0,0,0,0,0,0,0,0,0,0,0,0,0,1990,1,0,0,0,0,0,0,0,0,0,0,0,0,0,0,0,0,0,0,0,0,0,0,0,0,0,0,0,0,0,0,0,0,0,0,0,0,0,0,0,0,0,0,0,0,0,0,0,0,0,0,0,0,0,0,0,0,0,0,0,0,0,0,0,0,0,0,3464,1,1734,0,0,0,0,0,0,0,0,0,0,0,0,0,0,0,0,0,0,0,0,0,0,0,0,0,0,0,0,0,0,0,0,0,0,0,0,0,0,0,0,0,0,0,0,0,0,0,0,0,0,0,0,0,0,0,0,0,0,0,0,0,0,0,0,0,0,0,0,0,0,0,0,0,0,0,0,0,0,0,0,0,0,0,0,0,0,0,0,0,0,0,0,0,0,0,0,0,0,0,0,0,0,0,0,0,0,0,0,0,0,0,0,0,0,0,0,0,0,0,0,0,0,0,0,0
29,NEAMŢ,1,FINAL,CNTY,P,P_BEJ,"2020-09-28 16:30:30",470509,464222,383,3833,2071,201472,195569,38,3828,2037,191493,9801,516619,315190,62784,33,56144,43,17023,2,13271,1,5882,0,11552,1,2126,1,1427,0,0,0,0,0,37,0,99,0,0,0,0,0,0,0,0,0,0,0,0,0,0,0,244,0,0,0,0,0,0,0,0,0,0,0,0,0,0,0,17,0,67,0,0,0,0,0,0,0,0,0,458,0,0,0,395,0,0,0,260,0,0,0,324,0,0,0,0,0,0,0,0,0,0,0,72,0,0,0,0,0,0,0,0,0,0,0,0,0,0,0,0,0,0,0,0,0,0,0,0,0,0,0,0,0,0,0,0,0,0,0,0,0,0,0,0,0,0,0,0,0,0,0,0,0,0,0,0,0,0,0,0,0,0,0,0,0,0,0,0,0,0,0,0,0,0,0,0,0,0,0,0,0,0,0,0,0,0,0,0,0,0,0,0,0,0,0,0,0,0,0,0,0,0,0,0,0,0,0,0,0,0,0,0,0,0,0,0,0,0,0,0,0,0,0,0,0,0,0,0,0,0,0,0,0,0,0,0,0,0,0,0,0,0,0,0,0,0,0,0,0,0,0,0,0,0,0,0,0,0,0,0,0,0,0,0,0,0,0,0,0,0,0,0,0,0,0,0,0,0,0,0,0,0,0,0,0,0,0,0,0,0,0,0,0,0,0,0,0,0,0,0,0,0,0,0,0,0,0,0,0,0,0,0,0,0,0,0,0,0,0,0,0,0,0,0,0,1943,0,0,0,0,0,0,0,0,0,0,0,0,0,0,0,0,0,0,0,0,0,0,0,0,0,0,0,0,0,0,0,6126,0,4865,0,4437,1,1017,1,923,0,0,0,0,0,0,0,0,0,0,0,0,0,0,0,0,0,0,0,0,0,0,0,0,0,0,0,0,0,0,0,0,0,0,0,0,0,0,0,0,0,0,0,0,0,0,0,0,0,0,0,0,0,0,0,0,0,0,0,0,0,0,0,0,0,0,0,0,0,0,0,0,0,0,0,0,0,0,0,0,0,0,0,0,0,0,0,0,0,0,0,0,0,0,0,0,0,0,0,0,0,0,0,0,0,0,0,0,0,0,0,0,0,0,0
30,OLT,1,FINAL,CNTY,P,P_BEJ,"2020-09-30 17:48:50",375157,360039,237,9927,4954,212157,197326,41,9882,4908,204740,7315,399434,187288,54261,13,107832,91,3640,0,4945,0,7165,1,11933,3,799,0,12,0,0,0,0,0,0,0,1192,0,0,0,0,0,0,0,0,0,0,0,0,0,0,0,0,0,0,0,308,0,0,0,0,0,0,0,0,0,0,0,0,0,454,0,0,0,0,0,37,0,0,0,252,0,0,0,22,0,0,0,0,0,0,0,0,0,0,0,0,0,0,0,0,0,0,0,0,0,0,0,0,0,0,0,0,0,0,0,0,0,0,0,0,0,0,0,0,0,0,0,0,0,0,0,0,0,0,0,0,0,0,0,0,0,0,0,0,0,0,0,0,0,0,0,0,0,0,0,0,0,0,0,0,0,0,0,0,0,0,0,0,0,0,0,0,0,0,0,0,0,0,0,0,0,0,0,0,0,0,0,0,0,0,0,0,0,0,0,0,0,0,0,0,0,0,0,0,0,0,0,0,0,0,0,0,0,0,0,0,0,0,0,0,0,0,0,0,0,0,0,0,0,0,0,0,0,0,0,0,0,0,0,0,0,72,0,0,0,0,0,0,0,0,0,0,0,0,0,0,0,0,0,0,0,0,0,0,0,0,0,0,0,0,0,0,0,0,0,0,0,0,0,0,0,0,0,0,0,0,0,0,0,0,0,0,0,0,0,0,0,0,0,0,0,0,0,0,0,0,0,0,0,0,0,0,0,0,0,0,0,0,0,0,0,0,0,0,0,0,0,0,0,0,0,0,0,0,0,0,0,0,0,0,0,0,0,0,0,0,0,0,0,0,0,0,0,0,0,0,0,0,0,0,0,0,0,0,0,0,0,4556,1,2747,0,2231,0,1004,1,660,1,618,1,0,0,0,0,0,0,0,0,0,0,0,0,0,0,0,0,0,0,0,0,0,0,0,0,0,0,0,0,0,0,0,0,0,0,0,0,0,0,0,0,0,0,0,0,0,0,0,0,0,0,0,0,0,0,0,0,0,0,0,0,0,0,0,0,0,0,0,0,0,0,0,0,0,0,0,0,0,0,0,0,0,0,0,0,0,0,0,0,0,0,0,0,0,0,0,0,0,0,0,0,0,0
31,PRAHOVA,1,FINAL,CNTY,P,P_BEJ,"2020-09-29 14:02:15",660972,650963,968,6061,2980,314967,305895,45,6057,2970,304507,9616,720358,405806,131146,57,53039,30,13232,0,11458,0,6528,0,8717,1,9677,3,215,0,0,0,0,0,1385,0,4285,0,0,0,0,0,0,0,0,0,1239,0,0,0,0,0,3178,0,0,0,0,0,0,0,0,0,0,0,58,0,0,0,0,0,0,0,0,0,0,0,0,0,0,0,5132,2,0,0,632,0,0,0,0,0,0,0,45,0,608,0,0,0,0,0,0,0,0,0,0,0,0,0,0,0,4539,0,0,0,0,0,0,0,0,0,0,0,0,0,0,0,0,0,0,0,0,0,0,0,0,0,0,0,0,0,0,0,0,0,0,0,0,0,0,0,0,0,0,0,0,0,0,0,0,0,0,0,0,0,0,0,0,0,0,0,0,0,0,0,0,0,0,0,0,0,0,0,0,0,0,0,0,0,0,0,0,0,0,0,0,0,0,0,0,0,0,0,0,0,0,0,0,0,0,0,0,0,0,0,0,0,0,0,0,0,0,0,0,0,85,0,0,0,0,0,0,0,0,0,0,0,0,0,0,0,0,0,27,0,0,0,0,0,0,0,0,0,0,0,0,0,0,0,0,0,0,0,0,0,0,0,0,0,0,0,0,0,0,0,0,0,0,0,0,0,0,0,0,0,0,0,0,0,0,0,0,0,0,0,0,0,0,0,0,0,0,0,0,0,0,0,0,0,0,0,0,0,0,0,0,0,0,0,0,0,0,0,0,0,0,0,0,0,0,0,0,0,0,0,0,0,0,0,0,0,0,0,0,0,0,0,0,0,0,0,0,0,0,0,0,0,0,0,0,0,0,0,0,0,0,0,0,0,0,0,0,0,0,0,0,0,0,0,0,0,12461,0,7818,0,5875,1,3197,1,2253,1,1717,0,1703,1,1555,1,1321,1,1252,1,1134,0,1017,0,917,0,886,0,865,1,857,0,686,1,660,1,584,0,540,0,522,0,482,0,456,1,286,0,135,0,65,0,38,0,0,0,0,0,0,0,0,0,0,0,0,0,0,0,0,0,0,0,0,0,0,0,0,0,0,0,0,0,0,0,0,0,0,0,0,0,0,0,0,0,0,0,0,0,0,0,0,0
33,SĂLAJ,1,FINAL,CNTY,P,P_BEJ,"2020-09-28 05:07:37",197536,189403,324,5153,2656,103710,95866,45,5153,2646,100255,3179,221036,115545,24545,23,31757,16,10427,1,2825,0,1474,0,1989,0,6893,5,58,0,0,0,17624,16,0,0,0,0,935,0,0,0,0,0,0,0,0,0,0,0,0,0,300,0,0,0,0,0,0,0,0,0,0,0,0,0,0,0,0,0,0,0,0,0,0,0,31,0,0,0,319,0,0,0,319,0,0,0,0,0,0,0,30,0,0,0,0,0,0,0,0,0,0,0,0,0,0,0,0,0,0,0,0,0,0,0,0,0,0,0,0,0,0,0,0,0,0,0,0,0,0,0,0,0,0,0,0,0,0,0,0,0,0,0,0,0,0,0,0,0,0,0,0,0,0,0,0,0,0,0,0,0,0,0,0,0,0,0,0,0,0,0,0,0,0,0,0,0,0,0,0,0,0,0,0,0,0,0,0,0,0,0,0,0,0,0,0,0,0,0,0,0,0,0,0,0,0,0,0,0,0,0,0,0,0,0,0,0,0,0,0,0,0,0,0,0,0,0,0,0,0,0,0,0,0,0,0,0,0,0,0,0,0,0,0,0,0,0,0,0,0,0,0,0,0,0,0,0,0,0,0,0,0,0,0,0,0,0,0,0,0,0,0,0,0,0,0,0,0,0,0,0,0,0,0,0,0,0,0,0,0,0,0,0,0,0,0,0,0,0,0,0,0,0,0,0,0,0,0,0,0,0,0,0,0,0,0,0,0,0,0,0,0,0,0,0,0,0,0,0,0,0,0,0,0,0,0,0,0,0,0,0,0,0,0,0,0,0,0,0,0,0,0,0,0,0,0,0,0,0,0,0,0,0,0,0,0,0,0,0,0,0,0,0,0,0,0,0,0,0,0,0,0,0,0,0,0,0,0,0,0,0,0,0,0,0,0,0,0,0,0,0,0,0,0,0,0,0,0,0,0,0,0,0,0,0,0,0,0,0,0,0,0,0,0,0,0,0,0,0,0,0,0,0,729,0,0,0,0,0,0,0,0,0,0,0,0,0,0,0,0,0,0,0,0,0,0,0,0,0,0,0,0,0,0,0,0,0,0,0,0,0,0,0,0,0,0,0,0,0,0,0
32,"SATU MARE",2,FINAL,CNTY,P,P_BEJ,"2020-10-07 21:47:59",316575,309787,522,3401,2865,141568,135289,55,3382,2842,136858,4669,344291,202759,36601,23,21604,12,8098,0,4517,0,3332,1,3775,1,3455,0,0,0,0,0,45711,20,210,0,0,0,0,0,0,0,0,0,0,0,0,0,0,0,0,0,0,0,0,0,0,0,3694,4,0,0,0,0,0,0,0,0,0,0,0,0,0,0,0,0,0,0,0,0,0,0,0,0,0,0,0,0,0,0,0,0,0,0,0,0,0,0,3288,2,0,0,0,0,0,0,0,0,0,0,0,0,0,0,0,0,0,0,0,0,0,0,0,0,0,0,0,0,0,0,0,0,0,0,0,0,0,0,0,0,0,0,0,0,0,0,0,0,0,0,0,0,0,0,0,0,0,0,0,0,0,0,0,0,0,0,0,0,0,0,0,0,0,0,0,0,0,0,0,0,0,0,0,0,0,0,0,0,0,0,0,0,0,0,0,0,0,0,0,0,0,0,0,0,0,0,0,0,0,0,0,0,0,0,0,0,0,0,0,0,0,0,0,0,190,0,0,0,0,0,0,0,0,0,0,0,0,0,0,0,0,0,0,0,0,0,188,0,0,0,0,0,0,0,0,0,0,0,0,0,0,0,0,0,0,0,0,0,0,0,0,0,0,0,0,0,0,0,0,0,0,0,0,0,0,0,0,0,0,0,0,0,0,0,0,0,0,0,0,0,0,0,0,0,0,0,0,0,0,0,0,0,0,0,0,0,0,0,0,0,0,0,0,0,0,0,0,0,0,0,137,0,0,0,0,0,0,0,0,0,0,0,0,0,0,0,0,0,0,0,0,0,0,0,0,0,0,0,0,0,0,0,0,0,0,0,0,0,0,0,0,0,0,0,0,0,0,0,0,0,0,0,0,0,0,0,0,0,0,0,0,0,0,0,0,0,0,0,0,0,0,0,0,0,0,0,0,0,0,0,0,0,0,0,0,0,0,0,0,0,0,0,0,0,0,0,0,0,0,0,0,0,0,0,0,0,1796,2,262,0,0,0,0,0,0,0,0,0,0,0,0,0,0,0,0,0,0,0,0,0,0,0,0,0,0,0,0,0,0,0,0,0,0,0,0,0,0,0,0,0,0,0
34,SIBIU,1,FINAL,CNTY,P,P_BEJ,"2020-09-28 11:33:39",387028,379462,1525,4268,1773,163281,157147,123,4254,1757,158273,4862,421090,257741,69669,43,26166,15,15597,1,11326,2,3392,0,2342,0,2000,1,301,0,0,0,0,0,2143,0,0,0,175,0,0,0,0,0,0,0,152,0,0,0,0,0,1269,1,0,0,462,0,22435,1,0,0,0,0,0,0,0,0,0,0,0,0,0,0,0,0,0,0,0,0,0,0,0,0,0,0,0,0,0,0,0,0,0,0,126,0,0,0,0,0,0,0,0,0,0,0,0,0,0,0,0,0,0,0,0,0,0,0,0,0,0,0,0,0,0,0,0,0,0,0,0,0,0,0,0,0,0,0,0,0,0,0,0,0,0,0,0,0,0,0,0,0,0,0,0,0,0,0,0,0,0,0,0,0,0,0,0,0,0,0,0,0,0,0,0,0,0,0,0,0,0,0,0,0,0,0,0,0,0,0,0,0,0,0,0,0,0,0,0,0,0,0,0,0,0,0,0,0,0,0,0,0,0,0,0,0,0,0,0,0,0,0,0,0,0,0,0,0,0,0,0,0,0,0,0,0,0,0,0,0,0,0,0,0,0,0,0,0,0,0,0,0,0,0,0,0,573,0,0,0,0,0,0,0,0,0,0,0,0,0,0,0,0,0,0,0,0,0,0,0,0,0,0,0,0,0,0,0,0,0,0,0,0,0,0,0,0,0,0,0,0,0,0,0,0,0,0,0,0,0,0,0,0,0,0,0,0,0,0,0,0,0,0,0,0,0,0,0,0,0,0,0,0,0,0,0,0,0,0,0,0,0,0,0,0,0,0,0,0,0,0,0,0,0,0,0,0,0,0,0,0,0,0,0,0,0,0,0,0,0,0,0,0,0,0,0,0,0,0,0,0,0,0,0,0,0,0,0,0,0,0,0,0,0,0,0,0,0,0,0,0,0,0,0,0,0,0,0,0,0,0,0,0,0,0,0,0,0,0,0,0,0,0,0,0,0,0,0,0,0,0,0,0,0,0,0,0,0,0,0,80,0,65,0,0,0,0,0,0,0,0,0,0,0,0,0,0,0,0,0,0,0,0,0,0,0,0,0,0,0,0,0,0,0,0,0,0,0,0,0,0,0
35,SUCEAVA,2,FINAL,CNTY,P,P_BEJ,"2020-10-02 11:14:13",609722,602996,425,3634,2667,273613,267276,43,3633,2661,264687,8818,674222,400085,99302,53,93667,48,14737,3,23865,4,2210,0,11280,1,7976,4,1719,0,0,0,0,0,807,0,2186,0,0,0,0,0,0,0,0,0,0,0,0,0,0,0,1562,0,0,0,37,0,0,0,0,0,0,0,0,0,0,0,0,0,0,0,0,0,0,0,2372,1,0,0,274,0,0,0,64,0,0,0,465,0,0,0,0,0,0,0,0,0,0,0,0,0,0,0,0,0,0,0,0,0,0,0,0,0,0,0,0,0,0,0,0,0,0,0,0,0,0,0,0,0,0,0,0,0,0,0,0,0,0,0,0,0,0,0,0,0,0,0,0,0,0,0,0,0,0,0,0,0,0,0,0,0,0,0,0,0,0,0,0,0,0,0,0,0,0,0,0,0,0,0,0,0,0,0,0,0,0,0,0,0,0,0,0,0,0,0,0,0,0,0,0,0,0,0,0,0,0,0,0,0,0,0,0,0,0,0,0,0,0,0,0,0,0,0,0,0,0,0,0,0,0,0,0,0,0,0,0,0,257,0,0,0,0,0,0,0,14,0,0,0,0,0,0,0,0,0,221,0,0,0,0,0,0,0,0,0,0,0,0,0,0,0,0,0,0,0,0,0,0,0,0,0,0,0,0,0,0,0,0,0,0,0,0,0,0,0,0,0,0,0,0,0,111,0,0,0,0,0,0,0,0,0,0,0,0,0,0,0,0,0,0,0,0,0,0,0,0,0,0,0,0,0,0,0,0,0,0,0,0,0,0,0,0,0,0,0,0,0,0,0,0,0,0,0,0,0,0,0,0,0,0,0,0,0,0,0,0,0,0,0,0,0,0,0,0,0,0,0,0,0,0,0,0,0,0,0,0,0,0,0,0,0,0,0,0,0,0,0,0,0,0,0,0,0,0,0,0,0,0,0,0,0,0,0,0,0,0,0,0,0,0,0,0,0,0,0,0,0,0,0,0,0,0,0,0,0,0,0,0,0,0,0,0,0,1475,0,86,0,0,0,0,0,0,0,0,0,0,0,0,0,0,0,0,0,0,0,0,0,0,0,0,0,0,0,0,0,0,0,0,0,0,0
36,TELEORMAN,3,FINAL,CNTY,P,P_BEJ,"2020-10-08 17:20:03",316442,301676,118,7456,7192,177517,163034,19,7400,7064,169185,8206,336258,158812,69658,47,72743,48,6166,0,6268,0,4688,0,2215,0,952,0,88,0,0,0,0,0,198,0,672,0,0,0,0,0,0,0,0,0,0,0,0,0,0,0,4419,0,0,0,0,0,0,0,0,0,0,0,0,0,0,0,0,0,0,0,0,0,0,0,0,0,0,0,47,0,0,0,649,1,0,0,0,0,0,0,0,0,0,0,0,0,0,0,0,0,0,0,0,0,0,0,0,0,0,0,0,0,0,0,0,0,0,0,0,0,0,0,0,0,0,0,0,0,0,0,0,0,0,0,0,0,0,0,0,0,0,0,0,0,0,0,0,0,0,0,0,0,0,0,0,0,0,0,0,0,0,0,0,0,0,0,0,0,0,0,0,0,0,0,0,0,0,0,0,0,0,0,0,0,0,0,0,0,0,0,0,0,0,0,0,0,0,0,0,0,0,0,0,0,0,0,0,0,0,0,0,0,0,0,0,0,0,0,0,0,0,0,0,0,0,0,0,0,0,0,0,0,0,0,0,0,0,0,0,0,0,0,0,0,0,0,0,0,0,0,0,0,0,0,0,0,0,0,0,0,0,0,0,0,0,0,0,0,0,0,0,0,0,0,0,0,0,0,0,0,0,0,0,0,0,0,0,0,0,0,0,0,0,0,0,0,0,0,0,0,0,0,0,0,0,0,0,0,0,0,0,0,0,0,0,0,0,0,0,0,0,0,0,0,0,0,0,0,0,0,0,0,0,0,0,0,0,0,0,0,0,0,0,0,0,0,0,0,0,0,0,0,0,0,0,0,0,0,0,0,0,0,0,0,0,0,0,0,0,0,0,0,0,0,0,0,0,0,0,0,0,0,0,0,0,0,0,0,0,0,0,0,0,0,0,0,0,0,0,0,0,0,0,0,0,0,0,0,0,0,0,0,0,0,0,0,0,0,0,0,0,0,0,0,0,0,0,0,0,0,0,0,0,0,0,0,0,0,0,0,0,0,0,0,0,0,422,0,0,0,0,0,0,0,0,0,0,0,0,0,0,0,0,0,0,0,0,0,0,0,0,0,0,0,0,0,0,0,0,0
37,TIMIŞ,1,FINAL,CNTY,P,P_BEJ,"2020-09-28 08:42:30",634556,618746,3404,8948,3458,273067,260533,158,8947,3429,265495,7401,697327,422066,96928,47,46504,37,68819,4,9088,4,1612,0,13343,2,6039,0,182,0,0,0,3380,1,2977,0,988,0,0,0,41,0,0,0,0,0,619,0,0,0,1240,1,654,0,0,0,39,0,108,0,0,0,0,0,0,0,0,0,0,0,684,0,0,0,0,0,126,0,0,0,0,0,0,0,0,0,0,0,0,0,0,0,0,0,0,0,0,0,0,0,0,0,0,0,0,0,0,0,0,0,0,0,0,0,0,0,0,0,0,0,0,0,0,0,0,0,0,0,0,0,0,0,0,0,0,0,0,0,0,0,0,0,0,0,0,0,0,0,0,0,0,0,0,0,0,0,0,0,0,0,0,0,0,0,0,0,0,0,0,0,0,0,0,0,0,0,0,0,0,0,0,0,0,0,0,0,0,0,0,0,0,0,0,0,0,0,0,0,0,0,0,0,0,0,0,0,0,0,0,0,0,0,0,0,0,0,0,0,0,0,0,0,0,0,0,0,0,0,0,0,0,0,0,0,0,0,0,0,0,0,0,0,0,0,0,0,0,0,0,0,0,0,0,0,0,0,79,0,0,0,0,0,0,0,0,0,0,0,0,0,0,0,0,0,0,0,0,0,0,0,0,0,0,0,0,0,0,0,0,0,0,0,0,0,0,0,0,0,0,0,0,0,0,0,0,0,0,0,0,0,0,0,0,0,0,0,0,0,0,0,0,0,0,0,0,0,0,0,0,0,150,0,0,0,0,0,0,0,0,0,0,0,0,0,0,0,0,0,0,0,0,0,0,0,0,0,0,0,0,0,0,0,0,0,0,0,0,0,0,0,0,0,0,0,0,0,0,0,0,0,0,0,0,0,0,0,0,0,0,0,0,0,0,0,0,0,0,0,0,0,0,0,0,0,0,0,0,0,0,0,0,0,0,0,0,0,0,0,0,0,0,0,0,0,0,0,0,0,0,0,0,0,0,0,0,0,0,0,0,0,0,0,0,0,0,0,0,0,0,0,5776,0,1974,0,1370,1,784,1,702,0,349,0,315,0,240,0,231,0,123,0,31,0,0,0,0,0,0,0,0,0,0,0
38,TULCEA,1,FINAL,CNTY,P,P_BEJ,"2020-09-29 10:21:00",196268,191729,294,2501,1744,93587,89363,18,2500,1706,89290,3819,212100,117891,31921,21,31560,26,3613,0,3178,0,1790,0,8084,2,5084,1,0,0,0,0,0,0,240,0,265,0,0,0,0,0,0,0,0,0,47,0,0,0,0,0,2179,0,0,0,0,0,0,0,0,0,0,0,0,0,0,0,0,0,117,0,0,0,0,0,0,0,0,0,119,0,0,0,507,0,0,0,0,0,0,0,62,0,0,0,0,0,0,0,0,0,0,0,0,0,0,0,0,0,0,0,0,0,0,0,0,0,0,0,0,0,0,0,0,0,0,0,0,0,0,0,0,0,0,0,0,0,0,0,0,0,0,0,0,0,0,0,0,0,0,0,0,0,0,0,0,0,0,0,0,0,0,0,0,0,0,0,0,0,0,0,0,0,0,0,0,0,0,0,0,0,0,0,0,0,0,0,0,0,0,0,0,0,0,0,0,0,0,0,0,0,0,0,0,0,0,0,0,0,0,0,0,0,0,0,0,0,0,0,0,0,0,0,0,0,0,0,0,0,0,0,0,0,0,0,0,0,60,0,0,0,0,0,0,0,56,0,0,0,0,0,0,0,0,0,0,0,0,0,0,0,0,0,0,0,0,0,0,0,0,0,0,0,0,0,0,0,0,0,0,0,0,0,0,0,0,0,0,0,0,0,0,0,0,0,0,0,0,0,0,0,381,1,0,0,0,0,0,0,0,0,0,0,0,0,0,0,0,0,0,0,0,0,0,0,0,0,0,0,0,0,0,0,0,0,0,0,0,0,0,0,0,0,0,0,0,0,0,0,0,0,0,0,0,0,0,0,0,0,0,0,0,0,0,0,0,0,0,0,0,0,0,0,0,0,0,0,0,0,0,0,0,0,0,0,0,0,0,0,0,0,0,0,0,0,0,0,0,0,0,0,0,0,0,0,0,0,0,0,0,0,0,0,0,0,0,0,0,0,0,0,0,0,0,0,0,0,0,0,0,0,0,0,0,0,0,0,0,0,0,0,0,0,0,0,0,0,0,0,0,0,0,0,0,0,0,0,0,0,0,0,0,0,0,0,0,0,0,0,0,0,15,0,12,0,0,0,0,0,0,0
40,VÂLCEA,1,FINAL,CNTY,P,P_BEJ,"2020-09-30 12:08:23",330932,321071,275,6739,2847,172182,162590,33,6734,2825,163780,8087,365072,191249,68611,47,49067,36,6410,0,4289,0,474,0,2980,0,2600,1,0,0,0,0,0,0,189,0,1415,0,0,0,0,0,0,0,0,0,0,0,0,0,0,0,26670,5,0,0,0,0,0,0,0,0,0,0,0,0,0,0,625,0,233,0,0,0,0,0,0,0,0,0,0,0,0,0,0,0,0,0,0,0,0,0,0,0,0,0,0,0,0,0,0,0,0,0,0,0,0,0,0,0,0,0,0,0,0,0,0,0,0,0,0,0,0,0,0,0,0,0,0,0,0,0,0,0,0,0,0,0,0,0,0,0,0,0,0,0,0,0,0,0,0,0,0,0,0,0,0,0,0,0,0,0,0,0,0,0,0,0,0,0,0,0,0,0,0,0,0,0,0,0,0,0,0,0,0,0,0,0,0,0,0,0,0,0,0,0,0,0,0,0,0,0,0,0,0,0,0,0,0,0,0,0,0,0,0,0,0,0,0,0,0,0,0,0,0,0,0,0,0,0,0,0,0,0,0,0,0,0,0,0,0,0,217,0,0,0,0,0,0,0,0,0,0,0,0,0,0,0,0,0,0,0,0,0,0,0,0,0,0,0,0,0,0,0,0,0,0,0,0,0,0,0,0,0,0,0,0,0,0,0,0,0,0,0,0,0,0,0,0,0,0,0,0,0,0,0,0,0,0,0,0,0,0,0,0,0,0,0,0,0,0,0,0,0,0,0,0,0,0,0,0,0,0,0,0,0,0,0,0,0,0,0,0,0,0,0,0,0,0,0,0,0,0,0,0,0,0,0,0,0,0,0,0,0,0,0,0,0,0,0,0,0,0,0,0,0,0,0,0,0,0,0,0,0,0,0,0,0,0,0,0,0,0,0,0,0,0,0,0,0,0,0,0,0,0,0,0,0,0,0,0,0,0,0,0,0,0,0,0,0,0,0,0,0,0,0,0,0,0,0,0,0,0,0,0,0,0,0,0,0,0,0,0,0,0,0,0,0,0,0,0,0,0,0,0,0,0,0,0,0,0,0,0,0,0,0,0,0,0,0,0,0,0,0,0,0,0,0,0,0,0,0
39,VASLUI,2,FINAL,CNTY,P,P_BEJ,"2020-10-03 13:29:24",424573,418192,106,3944,2331,157717,151489,6,3933,2289,151251,6438,466917,309179,45848,23,72337,59,0,0,4032,0,10575,4,6602,0,1258,0,261,0,0,0,0,0,517,0,156,0,0,0,0,0,0,0,0,0,0,0,0,0,0,0,331,0,0,0,0,0,0,0,0,0,0,0,0,0,0,0,20,0,196,0,0,0,0,0,0,0,0,0,128,0,0,0,222,0,0,0,360,0,0,0,154,0,0,0,0,0,0,0,0,0,0,0,0,0,0,0,0,0,0,0,0,0,0,0,0,0,0,0,0,0,0,0,0,0,0,0,0,0,0,0,0,0,0,0,0,0,0,0,0,0,0,0,0,0,0,0,0,0,0,0,0,0,0,0,0,0,0,0,0,0,0,0,0,0,0,0,0,0,0,0,0,0,0,0,0,0,0,0,0,0,0,0,0,0,0,0,0,0,0,0,0,0,0,0,0,0,0,0,0,0,0,0,0,0,0,0,0,0,0,0,0,0,0,0,0,0,0,0,0,0,0,0,0,0,0,0,0,0,0,0,0,0,0,0,0,0,0,0,0,0,0,0,0,0,0,0,0,0,0,0,0,0,0,0,0,0,0,0,0,0,0,0,0,0,0,0,0,0,0,0,0,0,0,0,0,0,0,0,0,0,0,0,0,0,0,0,0,0,0,0,0,0,0,0,0,0,0,0,0,0,0,0,0,0,0,0,0,0,0,0,0,0,0,0,0,0,0,0,0,0,0,0,0,0,0,0,0,0,0,0,0,0,0,0,0,0,0,0,0,0,0,0,0,0,0,0,0,0,0,0,0,0,0,0,0,0,0,0,0,0,0,0,0,0,0,0,0,0,0,0,0,0,0,0,0,0,0,0,0,0,0,0,0,0,0,0,0,0,0,0,0,0,0,0,0,0,0,0,0,0,0,0,0,0,0,0,0,0,0,0,0,0,0,0,0,0,0,0,0,0,0,0,0,0,0,0,0,0,0,0,0,0,0,0,0,0,0,0,0,0,0,0,0,0,0,0,0,0,0,0,0,0,0,0,0,0,0,0,0,0,0,0,0,0,0,0,0,0,0,0,0,0,0,0,8254,0,0,0,0,0
41,VRANCEA,1,FINAL,CNTY,P,P_BEJ,"2020-09-27 23:06:24",313172,306901,212,3296,2763,156098,150044,23,3295,2736,148406,7683,341770,185677,57798,27,68295,42,6514,0,5262,1,1144,0,2353,0,2891,1,859,1,0,0,0,0,17,0,0,0,0,0,0,0,0,0,0,0,0,0,0,0,0,0,0,0,0,0,0,0,0,0,0,0,0,0,0,0,0,0,0,0,0,0,0,0,0,0,0,0,0,0,0,0,0,0,0,0,0,0,0,0,0,0,0,0,0,0,0,0,0,0,0,0,0,0,0,0,0,0,0,0,0,0,0,0,0,0,0,0,0,0,0,0,0,0,0,0,0,0,0,0,0,0,0,0,0,0,0,0,0,0,0,0,0,0,0,0,0,0,0,0,0,0,0,0,0,0,0,0,0,0,0,0,0,0,0,0,0,0,0,0,0,0,0,0,0,0,0,0,0,0,0,0,0,0,0,0,0,0,0,0,0,0,0,0,0,0,0,0,0,0,0,0,0,0,0,0,0,0,0,0,0,0,0,0,0,0,0,0,0,0,0,0,0,0,0,0,0,0,0,0,0,0,0,0,0,0,0,0,0,0,0,0,0,0,0,0,0,0,0,0,0,0,0,0,0,0,0,0,0,0,0,0,0,0,0,0,0,0,0,0,0,0,0,0,0,0,0,0,0,0,0,0,0,0,0,0,0,0,0,0,0,0,0,0,0,0,0,0,0,0,0,0,0,0,0,0,0,0,0,0,0,0,0,0,0,0,0,0,0,0,0,0,0,0,0,0,0,0,0,0,0,0,0,0,0,0,0,0,0,0,0,0,0,0,0,0,0,0,0,0,0,0,0,0,0,0,0,0,0,0,0,0,0,0,0,0,0,0,0,0,0,0,0,0,0,0,0,0,0,0,0,0,0,0,0,0,0,0,0,0,0,0,0,0,0,0,0,0,0,0,0,0,0,0,0,0,0,0,0,0,0,0,0,0,0,0,0,0,0,0,0,0,0,0,0,0,0,0,0,0,0,0,0,0,0,0,0,0,0,0,0,0,0,0,0,0,0,0,0,0,0,0,0,0,0,0,0,0,0,0,0,0,0,0,0,0,0,0,0,0,0,0,0,0,0,0,0,0,2924,1,349,0
