county_nce,county_name,report_version,report_stage_code,report_type_scope_code,report_type_category_code,report_type_code,created_at,a,a1,a2,a3,a4,b,b1,b2,b3,b4,c,d,e,f,g1.1,g1.2,g1.3,g4,"PARTIDUL MIȘCAREA POPULARĂ-voturi","PARTIDUL MIȘCAREA POPULARĂ-mandate-faza-1","PARTIDUL MIȘCAREA POPULARĂ-mandate-faza-2","UNIUNEA DEMOCRATĂ MAGHIARĂ DIN ROMÂNIA-voturi","UNIUNEA DEMOCRATĂ MAGHIARĂ DIN ROMÂNIA-mandate-faza-1","UNIUNEA DEMOCRATĂ MAGHIARĂ DIN ROMÂNIA-mandate-faza-2","PARTIDUL PRO ROMÂNIA-voturi","PARTIDUL PRO ROMÂNIA-mandate-faza-1","PARTIDUL PRO ROMÂNIA-mandate-faza-2","PARTIDUL SOCIAL DEMOCRAT-voturi","PARTIDUL SOCIAL DEMOCRAT-mandate-faza-1","PARTIDUL SOCIAL DEMOCRAT-mandate-faza-2","PARTIDUL NAȚIONAL LIBERAL-voturi","PARTIDUL NAȚIONAL LIBERAL-mandate-faza-1","PARTIDUL NAȚIONAL LIBERAL-mandate-faza-2","PARTIDUL ALIANŢA LIBERALILOR ŞI DEMOCRAŢILOR – ALDE-voturi","PARTIDUL ALIANŢA LIBERALILOR ŞI DEMOCRAŢILOR – ALDE-mandate-faza-1","PARTIDUL ALIANŢA LIBERALILOR ŞI DEMOCRAŢILOR – ALDE-mandate-faza-2","PARTIDUL PUTERII UMANISTE (SOCIAL-LIBERAL)-voturi","PARTIDUL PUTERII UMANISTE (SOCIAL-LIBERAL)-mandate-faza-1","PARTIDUL PUTERII UMANISTE (SOCIAL-LIBERAL)-mandate-faza-2","ALIANȚA PENTRU UNIREA ROMÂNILOR-voturi","ALIANȚA PENTRU UNIREA ROMÂNILOR-mandate-faza-1","ALIANȚA PENTRU UNIREA ROMÂNILOR-mandate-faza-2","PARTIDUL VERDE-voturi","PARTIDUL VERDE-mandate-faza-1","PARTIDUL VERDE-mandate-faza-2","ALIANȚA USR PLUS-voturi","ALIANȚA USR PLUS-mandate-faza-1","ALIANȚA USR PLUS-mandate-faza-2","PARTIDUL REPUBLICAN DIN ROMÂNIA-voturi","PARTIDUL REPUBLICAN DIN ROMÂNIA-mandate-faza-1","PARTIDUL REPUBLICAN DIN ROMÂNIA-mandate-faza-2","PARTIDUL ROMÂNIA MARE-voturi","PARTIDUL ROMÂNIA MARE-mandate-faza-1","PARTIDUL ROMÂNIA MARE-mandate-faza-2","PLATFORMA SOCIAL-LIBERAL CREȘTINĂ-voturi","PLATFORMA SOCIAL-LIBERAL CREȘTINĂ-mandate-faza-1","PLATFORMA SOCIAL-LIBERAL CREȘTINĂ-mandate-faza-2","PARTIDUL ECOLOGIST ROMÂN-voturi","PARTIDUL ECOLOGIST ROMÂN-mandate-faza-1","PARTIDUL ECOLOGIST ROMÂN-mandate-faza-2","PARTIDUL NAȚIUNEA ROMÂNĂ-voturi","PARTIDUL NAȚIUNEA ROMÂNĂ-mandate-faza-1","PARTIDUL NAȚIUNEA ROMÂNĂ-mandate-faza-2","PARTIDUL DREPTĂȚII-voturi","PARTIDUL DREPTĂȚII-mandate-faza-1","PARTIDUL DREPTĂȚII-mandate-faza-2","PARTIDUL ALTERNATIVA DREAPTĂ-voturi","PARTIDUL ALTERNATIVA DREAPTĂ-mandate-faza-1","PARTIDUL ALTERNATIVA DREAPTĂ-mandate-faza-2","PARTIDUL NAȚIONAL ȚĂRĂNESC CREȘTIN DEMOCRAT-voturi","PARTIDUL NAȚIONAL ȚĂRĂNESC CREȘTIN DEMOCRAT-mandate-faza-1","PARTIDUL NAȚIONAL ȚĂRĂNESC CREȘTIN DEMOCRAT-mandate-faza-2","ALINȚA PARTIDUL NAȚIONAL LIBERAL-UNIUNEA SALVAȚI ROMÂNIA-PARTIDUL LIBERTATE UNITATE ȘI SOLIDARITATE (PNL-USR-PLUS)-voturi","ALINȚA PARTIDUL NAȚIONAL LIBERAL-UNIUNEA SALVAȚI ROMÂNIA-PARTIDUL LIBERTATE UNITATE ȘI SOLIDARITATE (PNL-USR-PLUS)-mandate-faza-1","ALINȚA PARTIDUL NAȚIONAL LIBERAL-UNIUNEA SALVAȚI ROMÂNIA-PARTIDUL LIBERTATE UNITATE ȘI SOLIDARITATE (PNL-USR-PLUS)-mandate-faza-2","UNIUNEA DEMOCRATICĂ A SLOVACILOR ȘI CEHILOR DIN ROMÂNIA-voturi","UNIUNEA DEMOCRATICĂ A SLOVACILOR ȘI CEHILOR DIN ROMÂNIA-mandate-faza-1","UNIUNEA DEMOCRATICĂ A SLOVACILOR ȘI CEHILOR DIN ROMÂNIA-mandate-faza-2","PARTIDUL POPULAR MAGHIAR DIN TRANSILVANIA-voturi","PARTIDUL POPULAR MAGHIAR DIN TRANSILVANIA-mandate-faza-1","PARTIDUL POPULAR MAGHIAR DIN TRANSILVANIA-mandate-faza-2","ALIANȚA PENTRU BISTRIȚA-NĂSĂUD-voturi","ALIANȚA PENTRU BISTRIȚA-NĂSĂUD-mandate-faza-1","ALIANȚA PENTRU BISTRIȚA-NĂSĂUD-mandate-faza-2","PARTIDUL NAȚIONAL ȚĂRĂNESC MANIU MIHALACHE-voturi","PARTIDUL NAȚIONAL ȚĂRĂNESC MANIU MIHALACHE-mandate-faza-1","PARTIDUL NAȚIONAL ȚĂRĂNESC MANIU MIHALACHE-mandate-faza-2","PARTIDUL ALTERNATIVA PENTRU DEMNITATE NATIONALĂ-voturi","PARTIDUL ALTERNATIVA PENTRU DEMNITATE NATIONALĂ-mandate-faza-1","PARTIDUL ALTERNATIVA PENTRU DEMNITATE NATIONALĂ-mandate-faza-2","POP ZAHARIE-voturi","POP ZAHARIE-mandate-faza-1","POP ZAHARIE-mandate-faza-2","""ALIANȚA ÎMPREUNĂ PENTRU BOTOȘANI PARTIDUL VERDE-P.N.Ț.C.D.""-voturi","""ALIANȚA ÎMPREUNĂ PENTRU BOTOȘANI PARTIDUL VERDE-P.N.Ț.C.D.""-mandate-faza-1","""ALIANȚA ÎMPREUNĂ PENTRU BOTOȘANI PARTIDUL VERDE-P.N.Ț.C.D.""-mandate-faza-2","BĂLĂUCĂ MARIA-CRISTINA-voturi","BĂLĂUCĂ MARIA-CRISTINA-mandate-faza-1","BĂLĂUCĂ MARIA-CRISTINA-mandate-faza-2","COMUNITATEA RUȘILOR LIPOVENI DIN ROMÂNIA-voturi","COMUNITATEA RUȘILOR LIPOVENI DIN ROMÂNIA-mandate-faza-1","COMUNITATEA RUȘILOR LIPOVENI DIN ROMÂNIA-mandate-faza-2","ALIANȚA USR PLUS BRĂILA-voturi","ALIANȚA USR PLUS BRĂILA-mandate-faza-1","ALIANȚA USR PLUS BRĂILA-mandate-faza-2","PARTIDUL FORȚA IDENTITĂȚII NAȚIONALE-voturi","PARTIDUL FORȚA IDENTITĂȚII NAȚIONALE-mandate-faza-1","PARTIDUL FORȚA IDENTITĂȚII NAȚIONALE-mandate-faza-2","PARTIDUL SOCIALIST ROMÂN-voturi","PARTIDUL SOCIALIST ROMÂN-mandate-faza-1","PARTIDUL SOCIALIST ROMÂN-mandate-faza-2","PARTIDUL RE:START ROMÂNIA-voturi","PARTIDUL RE:START ROMÂNIA-mandate-faza-1","PARTIDUL RE:START ROMÂNIA-mandate-faza-2","NECHITA OVIDIU-voturi","NECHITA OVIDIU-mandate-faza-1","NECHITA OVIDIU-mandate-faza-2","FORUMUL DEMOCRAT AL GERMANILOR DIN ROMÂNIA-voturi","FORUMUL DEMOCRAT AL GERMANILOR DIN ROMÂNIA-mandate-faza-1","FORUMUL DEMOCRAT AL GERMANILOR DIN ROMÂNIA-mandate-faza-2","ASOCIAȚIA PARTIDA ROMILOR “PRO-EUROPA”-voturi","ASOCIAȚIA PARTIDA ROMILOR “PRO-EUROPA”-mandate-faza-1","ASOCIAȚIA PARTIDA ROMILOR “PRO-EUROPA”-mandate-faza-2","ALIANȚA PSD-PRO BUZĂU-voturi","ALIANȚA PSD-PRO BUZĂU-mandate-faza-1","ALIANȚA PSD-PRO BUZĂU-mandate-faza-2","ALIANȚA UNIUNEA SALVAȚI ROMÂNIA PARTIDUL LIBERTATE UNITATE ȘI SOLIDARITATE (ALIANȚA USR PLUS)-voturi","ALIANȚA UNIUNEA SALVAȚI ROMÂNIA PARTIDUL LIBERTATE UNITATE ȘI SOLIDARITATE (ALIANȚA USR PLUS)-mandate-faza-1","ALIANȚA UNIUNEA SALVAȚI ROMÂNIA PARTIDUL LIBERTATE UNITATE ȘI SOLIDARITATE (ALIANȚA USR PLUS)-mandate-faza-2","""ALIANȚA PNL-USR CĂLĂRAȘI""-voturi","""ALIANȚA PNL-USR CĂLĂRAȘI""-mandate-faza-1","""ALIANȚA PNL-USR CĂLĂRAȘI""-mandate-faza-2","PARTIDUL LIBERTATE, UNITATE ȘI SOLIDARITATE-voturi","PARTIDUL LIBERTATE, UNITATE ȘI SOLIDARITATE-mandate-faza-1","PARTIDUL LIBERTATE, UNITATE ȘI SOLIDARITATE-mandate-faza-2","PRO CARAȘ-SEVERIN-voturi","PRO CARAȘ-SEVERIN-mandate-faza-1","PRO CARAȘ-SEVERIN-mandate-faza-2","PARTIDUL FORTA NATIONALA-voturi","PARTIDUL FORTA NATIONALA-mandate-faza-1","PARTIDUL FORTA NATIONALA-mandate-faza-2","FANCSALI ERNŐ-voturi","FANCSALI ERNŐ-mandate-faza-1","FANCSALI ERNŐ-mandate-faza-2","ALIANȚA NAȚIONAL ȚĂRĂNISTĂ-voturi","ALIANȚA NAȚIONAL ȚĂRĂNISTĂ-mandate-faza-1","ALIANȚA NAȚIONAL ȚĂRĂNISTĂ-mandate-faza-2","PARTIDUL NEAMUL ROMÂNESC-voturi","PARTIDUL NEAMUL ROMÂNESC-mandate-faza-1","PARTIDUL NEAMUL ROMÂNESC-mandate-faza-2","PARTIDUL LIGA ORGANIZATA A REGIUNILOR DREPTE-voturi","PARTIDUL LIGA ORGANIZATA A REGIUNILOR DREPTE-mandate-faza-1","PARTIDUL LIGA ORGANIZATA A REGIUNILOR DREPTE-mandate-faza-2",PSD-ALDE-PNȚCD-ADER-voturi,PSD-ALDE-PNȚCD-ADER-mandate-faza-1,PSD-ALDE-PNȚCD-ADER-mandate-faza-2,"ALIANȚA MAGHIARĂ DIN TRANSILVANIA-voturi","ALIANȚA MAGHIARĂ DIN TRANSILVANIA-mandate-faza-1","ALIANȚA MAGHIARĂ DIN TRANSILVANIA-mandate-faza-2","ALIANȚA PENTRU UNITATEA RROMILOR-voturi","ALIANȚA PENTRU UNITATEA RROMILOR-mandate-faza-1","ALIANȚA PENTRU UNITATEA RROMILOR-mandate-faza-2","ALIANTA ELECTORALA PSD+ALDE DOLJ-voturi","ALIANTA ELECTORALA PSD+ALDE DOLJ-mandate-faza-1","ALIANTA ELECTORALA PSD+ALDE DOLJ-mandate-faza-2","PACT PENTRU GALAȚI-voturi","PACT PENTRU GALAȚI-mandate-faza-1","PACT PENTRU GALAȚI-mandate-faza-2","VREME ŞERBAN-voturi","VREME ŞERBAN-mandate-faza-1","VREME ŞERBAN-mandate-faza-2","PETREA IONEL-voturi","PETREA IONEL-mandate-faza-1","PETREA IONEL-mandate-faza-2","PARTIDUL OAMENILOR LIBERI-voturi","PARTIDUL OAMENILOR LIBERI-mandate-faza-1","PARTIDUL OAMENILOR LIBERI-mandate-faza-2","UNIUNEA SALVAȚI ROMÂNIA-voturi","UNIUNEA SALVAȚI ROMÂNIA-mandate-faza-1","UNIUNEA SALVAȚI ROMÂNIA-mandate-faza-2","ALIANȚA PNL-UDMR-PNȚCD-voturi","ALIANȚA PNL-UDMR-PNȚCD-mandate-faza-1","ALIANȚA PNL-UDMR-PNȚCD-mandate-faza-2","PARTIDUL ROMÂNIEI EUROPENE-voturi","PARTIDUL ROMÂNIEI EUROPENE-mandate-faza-1","PARTIDUL ROMÂNIEI EUROPENE-mandate-faza-2","PARTIDUL IALOMIȚENILOR-voturi","PARTIDUL IALOMIȚENILOR-mandate-faza-1","PARTIDUL IALOMIȚENILOR-mandate-faza-2","GHEORGHE RAFAEL-DĂNUŢ-voturi","GHEORGHE RAFAEL-DĂNUŢ-mandate-faza-1","GHEORGHE RAFAEL-DĂNUŢ-mandate-faza-2","PARTIDUL ÎMPREUNĂ PENTRU MOLDOVA-voturi","PARTIDUL ÎMPREUNĂ PENTRU MOLDOVA-mandate-faza-1","PARTIDUL ÎMPREUNĂ PENTRU MOLDOVA-mandate-faza-2","ALIANȚA SOCIAL LIBERALĂ-voturi","ALIANȚA SOCIAL LIBERALĂ-mandate-faza-1","ALIANȚA SOCIAL LIBERALĂ-mandate-faza-2","HURDUC MARIAN-voturi","HURDUC MARIAN-mandate-faza-1","HURDUC MARIAN-mandate-faza-2","UNIUNEA UCRAINENILOR DIN ROMÂNIA-voturi","UNIUNEA UCRAINENILOR DIN ROMÂNIA-mandate-faza-1","UNIUNEA UCRAINENILOR DIN ROMÂNIA-mandate-faza-2","ALIANȚA ELECTORALĂ COALIȚIA PENTRU MARAMUREȘ CMM-voturi","ALIANȚA ELECTORALĂ COALIȚIA PENTRU MARAMUREȘ CMM-mandate-faza-1","ALIANȚA ELECTORALĂ COALIȚIA PENTRU MARAMUREȘ CMM-mandate-faza-2","PARTIDUL SOCIAL DEMOCRAT INDEPENDENT-voturi","PARTIDUL SOCIAL DEMOCRAT INDEPENDENT-mandate-faza-1","PARTIDUL SOCIAL DEMOCRAT INDEPENDENT-mandate-faza-2","COVACI DENIS-MIHAI-voturi","COVACI DENIS-MIHAI-mandate-faza-1","COVACI DENIS-MIHAI-mandate-faza-2","PARTIDUL ADER LA DEMOCRAŢIE, EDUCAŢIE ŞI RECONSTRUCŢIE-voturi","PARTIDUL ADER LA DEMOCRAŢIE, EDUCAŢIE ŞI RECONSTRUCŢIE-mandate-faza-1","PARTIDUL ADER LA DEMOCRAŢIE, EDUCAŢIE ŞI RECONSTRUCŢIE-mandate-faza-2","LICSARI COSTINEL-MANUEL-voturi","LICSARI COSTINEL-MANUEL-mandate-faza-1","LICSARI COSTINEL-MANUEL-mandate-faza-2","PARTIDUL NOUA ROMÂNIE-voturi","PARTIDUL NOUA ROMÂNIE-mandate-faza-1","PARTIDUL NOUA ROMÂNIE-mandate-faza-2","ALIANȚA PRO BUCUREȘTI 2020-voturi","ALIANȚA PRO BUCUREȘTI 2020-mandate-faza-1","ALIANȚA PRO BUCUREȘTI 2020-mandate-faza-2","MORARU RADU-OCTAVIAN-voturi","MORARU RADU-OCTAVIAN-mandate-faza-1","MORARU RADU-OCTAVIAN-mandate-faza-2","ALIANȚA ELECTORALĂ ""ALIANȚA PENTRU MODERNIZAREA NEAMȚULUI 2020""-voturi","ALIANȚA ELECTORALĂ ""ALIANȚA PENTRU MODERNIZAREA NEAMȚULUI 2020""-mandate-faza-1","ALIANȚA ELECTORALĂ ""ALIANȚA PENTRU MODERNIZAREA NEAMȚULUI 2020""-mandate-faza-2","ALIANȚA PNL USR PLUS-voturi","ALIANȚA PNL USR PLUS-mandate-faza-1","ALIANȚA PNL USR PLUS-mandate-faza-2","PARTIDUL PRAHOVA IN ACȚIUNE-voturi","PARTIDUL PRAHOVA IN ACȚIUNE-mandate-faza-1","PARTIDUL PRAHOVA IN ACȚIUNE-mandate-faza-2","ALIANȚA PENTRU PRAHOVA-voturi","ALIANȚA PENTRU PRAHOVA-mandate-faza-1","ALIANȚA PENTRU PRAHOVA-mandate-faza-2","ALIANȚA MAGHIARĂ DIN TRANSILVANIA - ERDÉLYI MAGYAR SZÖVETSÉG (AMT - EMSZ)-voturi","ALIANȚA MAGHIARĂ DIN TRANSILVANIA - ERDÉLYI MAGYAR SZÖVETSÉG (AMT - EMSZ)-mandate-faza-1","ALIANȚA MAGHIARĂ DIN TRANSILVANIA - ERDÉLYI MAGYAR SZÖVETSÉG (AMT - EMSZ)-mandate-faza-2","PARTIDUL CIVIC MAGHIAR-voturi","PARTIDUL CIVIC MAGHIAR-mandate-faza-1","PARTIDUL CIVIC MAGHIAR-mandate-faza-2","BLOCUL UNITĂȚII NAȚIONALE-voturi","BLOCUL UNITĂȚII NAȚIONALE-mandate-faza-1","BLOCUL UNITĂȚII NAȚIONALE-mandate-faza-2","LOTREAN ELENA-voturi","LOTREAN ELENA-mandate-faza-1","LOTREAN ELENA-mandate-faza-2","PARTIDUL ECOLOGIST SOCIALIST ROMÂN-voturi","PARTIDUL ECOLOGIST SOCIALIST ROMÂN-mandate-faza-1","PARTIDUL ECOLOGIST SOCIALIST ROMÂN-mandate-faza-2","ALIANȚA PSD-PPU (sl)-voturi","ALIANȚA PSD-PPU (sl)-mandate-faza-1","ALIANȚA PSD-PPU (sl)-mandate-faza-2","BRÂNCOVAN CRISTIAN TIBERIU-voturi","BRÂNCOVAN CRISTIAN TIBERIU-mandate-faza-1","BRÂNCOVAN CRISTIAN TIBERIU-mandate-faza-2","BĂLAN LUCIAN-DANIEL-voturi","BĂLAN LUCIAN-DANIEL-mandate-faza-1","BĂLAN LUCIAN-DANIEL-mandate-faza-2","MILITARU IONEL-voturi","MILITARU IONEL-mandate-faza-1","MILITARU IONEL-mandate-faza-2","ALIANȚA U.S.R. PLUS-voturi","ALIANȚA U.S.R. PLUS-mandate-faza-1","ALIANȚA U.S.R. PLUS-mandate-faza-2","ALIANȚA PARTIDUL NAȚIONAL LIBERAL - UNIUNEA SALVAȚI ROMÂNIA - PARTIDUL LIBERTATE, UNITATE ȘI SOLIDARITATE (PNL-USR-PLUS)-voturi","ALIANȚA PARTIDUL NAȚIONAL LIBERAL - UNIUNEA SALVAȚI ROMÂNIA - PARTIDUL LIBERTATE, UNITATE ȘI SOLIDARITATE (PNL-USR-PLUS)-mandate-faza-1","ALIANȚA PARTIDUL NAȚIONAL LIBERAL - UNIUNEA SALVAȚI ROMÂNIA - PARTIDUL LIBERTATE, UNITATE ȘI SOLIDARITATE (PNL-USR-PLUS)-mandate-faza-2"
1,ALBA,1,FINAL,CNTY,CJ,CJ_BEJ,"2020-09-29 11:11:44",313454,304607,653,4860,3334,155785,147576,37,4855,3317,147079,8631,341568,185833,7353,10295,11766,3847,9672,2,1,6111,0,0,4467,0,0,24424,6,0,75065,19,0,6478,0,0,1145,0,0,4286,0,0,1482,0,0,13949,3,1,0,0,0,0,0,0,0,0,0,0,0,0,0,0,0,0,0,0,0,0,0,0,0,0,0,0,0,0,0,0,0,0,0,0,0,0,0,0,0,0,0,0,0,0,0,0,0,0,0,0,0,0,0,0,0,0,0,0,0,0,0,0,0,0,0,0,0,0,0,0,0,0,0,0,0,0,0,0,0,0,0,0,0,0,0,0,0,0,0,0,0,0,0,0,0,0,0,0,0,0,0,0,0,0,0,0,0,0,0,0,0,0,0,0,0,0,0,0,0,0,0,0,0,0,0,0,0,0,0,0,0,0,0,0,0,0,0,0,0,0,0,0,0,0,0,0,0,0,0,0,0,0,0,0,0,0,0,0,0,0,0,0,0,0,0,0,0,0,0,0,0,0,0,0,0,0,0,0,0,0,0,0,0,0,0,0,0,0,0,0,0,0,0,0,0,0,0,0,0,0,0,0,0,0,0,0,0,0,0,0,0,0,0,0,0,0,0,0,0,0,0,0,0,0,0
2,ARAD,1,FINAL,CNTY,CJ,CJ_BEJ,"2020-09-28 12:34:44",393847,382049,2110,5866,3822,175840,166145,104,5799,3792,162079,13720,429009,253152,8103,11345,12966,4648,11223,2,0,9908,2,0,12896,2,1,0,0,0,77979,16,1,0,0,0,4066,0,0,0,0,0,0,0,0,20712,4,1,2393,0,0,4213,0,0,16029,3,0,2660,0,0,0,0,0,0,0,0,0,0,0,0,0,0,0,0,0,0,0,0,0,0,0,0,0,0,0,0,0,0,0,0,0,0,0,0,0,0,0,0,0,0,0,0,0,0,0,0,0,0,0,0,0,0,0,0,0,0,0,0,0,0,0,0,0,0,0,0,0,0,0,0,0,0,0,0,0,0,0,0,0,0,0,0,0,0,0,0,0,0,0,0,0,0,0,0,0,0,0,0,0,0,0,0,0,0,0,0,0,0,0,0,0,0,0,0,0,0,0,0,0,0,0,0,0,0,0,0,0,0,0,0,0,0,0,0,0,0,0,0,0,0,0,0,0,0,0,0,0,0,0,0,0,0,0,0,0,0,0,0,0,0,0,0,0,0,0,0,0,0,0,0,0,0,0,0,0,0,0,0,0,0,0,0,0,0,0,0,0,0,0,0,0,0,0,0,0,0,0,0,0,0,0,0,0,0,0,0,0,0,0,0,0,0,0
3,ARGEŞ,1,FINAL,CNTY,CJ,CJ_BEJ,"2020-09-28 19:54:26",526525,518981,761,5020,1763,262151,255364,45,4986,1756,247651,14444,577356,315158,12382,17335,19812,6485,10691,0,0,0,0,0,12904,1,1,110901,17,0,70123,10,1,2932,0,0,2105,0,0,0,0,0,0,0,0,26594,4,0,0,0,0,2190,0,0,0,0,0,4928,0,0,2609,0,0,929,0,0,745,0,0,0,0,0,0,0,0,0,0,0,0,0,0,0,0,0,0,0,0,0,0,0,0,0,0,0,0,0,0,0,0,0,0,0,0,0,0,0,0,0,0,0,0,0,0,0,0,0,0,0,0,0,0,0,0,0,0,0,0,0,0,0,0,0,0,0,0,0,0,0,0,0,0,0,0,0,0,0,0,0,0,0,0,0,0,0,0,0,0,0,0,0,0,0,0,0,0,0,0,0,0,0,0,0,0,0,0,0,0,0,0,0,0,0,0,0,0,0,0,0,0,0,0,0,0,0,0,0,0,0,0,0,0,0,0,0,0,0,0,0,0,0,0,0,0,0,0,0,0,0,0,0,0,0,0,0,0,0,0,0,0,0,0,0,0,0,0,0,0,0,0,0,0,0,0,0,0,0,0,0,0,0,0,0,0,0,0,0,0,0,0,0,0,0,0,0,0,0,0,0,0,0,0,0,0
4,BACĂU,1,FINAL,CNTY,CJ,CJ_BEJ,"2020-09-28 11:55:10",605469,597294,545,5208,2422,250326,242660,54,5204,2408,228212,21977,661958,411705,11410,15974,18256,5688,16525,2,1,0,0,0,15297,2,1,96420,16,1,0,0,0,14925,2,0,0,0,0,8297,0,0,3431,0,0,0,0,0,0,0,0,0,0,0,0,0,0,7894,0,0,0,0,0,0,0,0,0,0,0,3802,0,0,61621,10,1,0,0,0,0,0,0,0,0,0,0,0,0,0,0,0,0,0,0,0,0,0,0,0,0,0,0,0,0,0,0,0,0,0,0,0,0,0,0,0,0,0,0,0,0,0,0,0,0,0,0,0,0,0,0,0,0,0,0,0,0,0,0,0,0,0,0,0,0,0,0,0,0,0,0,0,0,0,0,0,0,0,0,0,0,0,0,0,0,0,0,0,0,0,0,0,0,0,0,0,0,0,0,0,0,0,0,0,0,0,0,0,0,0,0,0,0,0,0,0,0,0,0,0,0,0,0,0,0,0,0,0,0,0,0,0,0,0,0,0,0,0,0,0,0,0,0,0,0,0,0,0,0,0,0,0,0,0,0,0,0,0,0,0,0,0,0,0,0,0,0,0,0,0,0,0,0,0,0,0,0,0,0,0,0,0,0,0,0,0,0,0,0,0,0,0,0,0,0
5,BIHOR,1,FINAL,CNTY,CJ,CJ_BEJ,"2020-09-28 09:12:43",508583,491435,1797,10362,4989,263548,248164,90,10322,4972,250106,12821,553815,290469,12505,17507,20008,6592,3377,0,0,43048,6,0,5432,0,0,38865,5,1,142219,21,1,3612,0,0,0,0,0,0,0,0,0,0,0,5741,0,0,0,0,0,0,0,0,0,0,0,0,0,0,0,0,0,0,0,0,0,0,0,0,0,0,0,0,0,1981,0,0,5831,0,0,0,0,0,0,0,0,0,0,0,0,0,0,0,0,0,0,0,0,0,0,0,0,0,0,0,0,0,0,0,0,0,0,0,0,0,0,0,0,0,0,0,0,0,0,0,0,0,0,0,0,0,0,0,0,0,0,0,0,0,0,0,0,0,0,0,0,0,0,0,0,0,0,0,0,0,0,0,0,0,0,0,0,0,0,0,0,0,0,0,0,0,0,0,0,0,0,0,0,0,0,0,0,0,0,0,0,0,0,0,0,0,0,0,0,0,0,0,0,0,0,0,0,0,0,0,0,0,0,0,0,0,0,0,0,0,0,0,0,0,0,0,0,0,0,0,0,0,0,0,0,0,0,0,0,0,0,0,0,0,0,0,0,0,0,0,0,0,0,0,0,0,0,0,0,0,0,0,0,0,0,0,0,0,0,0,0,0,0,0,0,0,0
6,BISTRIŢA-NĂSĂUD,1,FINAL,CNTY,CJ,CJ_BEJ,"2020-09-28 05:46:40",263717,258012,322,2647,2736,136055,130662,24,2645,2724,124495,11508,292802,156768,6224,8714,9959,3516,13386,3,1,0,0,0,0,0,0,0,0,0,41531,11,1,0,0,0,2317,0,0,1994,0,0,1831,0,0,5476,0,0,0,0,0,0,0,0,0,0,0,4415,0,0,0,0,0,0,0,0,0,0,0,0,0,0,0,0,0,0,0,0,0,0,0,50572,14,0,1093,0,0,1024,0,0,856,0,0,0,0,0,0,0,0,0,0,0,0,0,0,0,0,0,0,0,0,0,0,0,0,0,0,0,0,0,0,0,0,0,0,0,0,0,0,0,0,0,0,0,0,0,0,0,0,0,0,0,0,0,0,0,0,0,0,0,0,0,0,0,0,0,0,0,0,0,0,0,0,0,0,0,0,0,0,0,0,0,0,0,0,0,0,0,0,0,0,0,0,0,0,0,0,0,0,0,0,0,0,0,0,0,0,0,0,0,0,0,0,0,0,0,0,0,0,0,0,0,0,0,0,0,0,0,0,0,0,0,0,0,0,0,0,0,0,0,0,0,0,0,0,0,0,0,0,0,0,0,0,0,0,0,0,0,0,0,0,0,0,0,0,0,0,0,0,0,0,0,0,0,0,0,0,0,0,0,0,0,0
7,BOTOŞANI,1,FINAL,CNTY,CJ,CJ_BEJ,"2020-09-29 11:06:24",373861,366712,250,3728,3171,165239,158346,33,3725,3135,152841,12296,407583,242348,7642,10698,12227,4180,4106,0,0,0,0,0,9195,2,0,61339,14,1,52198,12,0,11032,2,1,2474,0,0,0,0,0,0,0,0,5539,0,0,0,0,0,1435,0,0,0,0,0,2156,0,0,0,0,0,0,0,0,0,0,0,0,0,0,0,0,0,0,0,0,0,0,0,0,0,0,0,0,0,0,0,0,0,0,0,611,0,0,2756,0,0,0,0,0,0,0,0,0,0,0,0,0,0,0,0,0,0,0,0,0,0,0,0,0,0,0,0,0,0,0,0,0,0,0,0,0,0,0,0,0,0,0,0,0,0,0,0,0,0,0,0,0,0,0,0,0,0,0,0,0,0,0,0,0,0,0,0,0,0,0,0,0,0,0,0,0,0,0,0,0,0,0,0,0,0,0,0,0,0,0,0,0,0,0,0,0,0,0,0,0,0,0,0,0,0,0,0,0,0,0,0,0,0,0,0,0,0,0,0,0,0,0,0,0,0,0,0,0,0,0,0,0,0,0,0,0,0,0,0,0,0,0,0,0,0,0,0,0,0,0,0,0,0,0,0,0,0,0,0,0,0,0,0,0,0,0,0,0,0,0,0,0,0,0,0
9,BRĂILA,1,FINAL,CNTY,CJ,CJ_BEJ,"2020-09-28 19:10:04",286309,282779,250,2146,1134,118509,115229,13,2146,1121,109825,8649,314345,195859,5491,7687,8786,2989,7858,2,1,0,0,0,3152,0,0,52684,17,0,29136,9,1,2118,0,0,1229,0,0,1504,0,0,1025,0,0,0,0,0,0,0,0,0,0,0,0,0,0,0,0,0,0,0,0,0,0,0,0,0,0,0,0,0,0,0,0,0,0,0,0,0,0,0,0,0,0,0,0,0,0,0,0,0,0,0,0,0,0,0,0,1769,0,0,5837,0,0,794,0,0,426,0,0,234,0,0,2059,0,0,0,0,0,0,0,0,0,0,0,0,0,0,0,0,0,0,0,0,0,0,0,0,0,0,0,0,0,0,0,0,0,0,0,0,0,0,0,0,0,0,0,0,0,0,0,0,0,0,0,0,0,0,0,0,0,0,0,0,0,0,0,0,0,0,0,0,0,0,0,0,0,0,0,0,0,0,0,0,0,0,0,0,0,0,0,0,0,0,0,0,0,0,0,0,0,0,0,0,0,0,0,0,0,0,0,0,0,0,0,0,0,0,0,0,0,0,0,0,0,0,0,0,0,0,0,0,0,0,0,0,0,0,0,0,0,0,0,0,0,0,0,0,0,0,0,0,0,0,0,0,0,0,0,0,0,0
8,BRAŞOV,1,FINAL,CNTY,CJ,CJ_BEJ,"2020-09-28 09:35:05",525660,517455,1274,5535,1396,219132,212136,85,5524,1387,202664,16057,570958,347666,10133,14186,16213,4809,8539,0,0,10045,0,0,10375,2,0,39215,8,0,74928,15,1,5052,0,0,0,0,0,0,0,0,2859,0,0,39013,8,0,0,0,0,1328,0,0,0,0,0,0,0,0,0,0,0,0,0,0,0,0,0,0,0,0,0,0,0,0,0,0,0,0,0,0,0,0,0,0,0,4352,0,0,0,0,0,0,0,0,0,0,0,0,0,0,0,0,0,0,0,0,0,0,0,0,0,0,0,0,0,4430,0,0,2528,0,0,0,0,0,0,0,0,0,0,0,0,0,0,0,0,0,0,0,0,0,0,0,0,0,0,0,0,0,0,0,0,0,0,0,0,0,0,0,0,0,0,0,0,0,0,0,0,0,0,0,0,0,0,0,0,0,0,0,0,0,0,0,0,0,0,0,0,0,0,0,0,0,0,0,0,0,0,0,0,0,0,0,0,0,0,0,0,0,0,0,0,0,0,0,0,0,0,0,0,0,0,0,0,0,0,0,0,0,0,0,0,0,0,0,0,0,0,0,0,0,0,0,0,0,0,0,0,0,0,0,0,0,0,0,0,0,0,0,0,0,0,0,0,0,0,0,0,0,0,0,0
10,BUZĂU,1,FINAL,CNTY,CJ,CJ_BEJ,"2020-09-28 23:11:29",379740,370219,199,5602,3720,200874,191561,23,5602,3688,178950,21814,417950,217172,8947,12526,14316,4999,23132,4,0,0,0,0,0,0,0,0,0,0,33627,6,1,7098,0,0,0,0,0,0,0,0,0,0,0,0,0,0,0,0,0,0,0,0,0,0,0,0,0,0,0,0,0,0,0,0,0,0,0,0,0,0,0,0,0,0,0,0,0,0,0,0,0,0,0,0,0,0,0,0,0,0,0,0,0,0,0,0,0,0,0,0,0,0,0,0,0,0,0,0,0,0,0,0,0,0,0,0,0,0,0,0,0,103227,20,1,11866,0,0,0,0,0,0,0,0,0,0,0,0,0,0,0,0,0,0,0,0,0,0,0,0,0,0,0,0,0,0,0,0,0,0,0,0,0,0,0,0,0,0,0,0,0,0,0,0,0,0,0,0,0,0,0,0,0,0,0,0,0,0,0,0,0,0,0,0,0,0,0,0,0,0,0,0,0,0,0,0,0,0,0,0,0,0,0,0,0,0,0,0,0,0,0,0,0,0,0,0,0,0,0,0,0,0,0,0,0,0,0,0,0,0,0,0,0,0,0,0,0,0,0,0,0,0,0,0,0,0,0,0,0,0,0,0,0,0,0,0,0,0,0,0,0,0
12,CĂLĂRAŞI,2,FINAL,CNTY,CJ,CJ_BEJ,"2020-10-03 19:25:20",253665,246303,176,4679,2507,136692,129507,9,4678,2498,125943,10648,272499,135883,6297,8816,10075,3727,5946,0,0,0,0,0,8117,2,0,56789,15,0,0,0,0,1291,0,0,2130,0,0,1061,0,0,0,0,0,0,0,0,0,0,0,2440,0,0,0,0,0,0,0,0,0,0,0,0,0,0,0,0,0,0,0,0,0,0,0,0,0,0,0,0,0,0,0,0,0,0,0,0,0,0,0,0,0,0,0,0,0,0,0,0,0,0,0,0,0,0,0,0,0,0,0,0,0,0,0,0,0,0,0,0,0,0,0,0,0,0,0,0,0,46932,12,1,1237,0,0,0,0,0,0,0,0,0,0,0,0,0,0,0,0,0,0,0,0,0,0,0,0,0,0,0,0,0,0,0,0,0,0,0,0,0,0,0,0,0,0,0,0,0,0,0,0,0,0,0,0,0,0,0,0,0,0,0,0,0,0,0,0,0,0,0,0,0,0,0,0,0,0,0,0,0,0,0,0,0,0,0,0,0,0,0,0,0,0,0,0,0,0,0,0,0,0,0,0,0,0,0,0,0,0,0,0,0,0,0,0,0,0,0,0,0,0,0,0,0,0,0,0,0,0,0,0,0,0,0,0,0,0,0,0,0,0,0,0
11,CARAŞ-SEVERIN,1,FINAL,CNTY,CJ,CJ_BEJ,"2020-09-28 13:38:10",269075,257637,432,7558,3448,128721,117692,62,7542,3425,118772,9732,291539,162764,5938,8314,9501,3346,14389,4,0,0,0,0,0,0,0,0,0,0,53334,15,1,0,0,0,3337,0,0,0,0,0,2960,0,0,6281,0,0,0,0,0,0,0,0,0,0,0,5791,0,0,0,0,0,0,0,0,0,0,0,0,0,0,0,0,0,0,0,0,0,0,0,0,0,0,0,0,0,0,0,0,0,0,0,0,0,0,0,0,0,0,0,0,0,0,0,0,0,0,0,0,0,0,0,0,0,0,0,0,0,0,0,0,0,0,0,0,0,0,0,0,0,0,0,0,0,32680,9,1,0,0,0,0,0,0,0,0,0,0,0,0,0,0,0,0,0,0,0,0,0,0,0,0,0,0,0,0,0,0,0,0,0,0,0,0,0,0,0,0,0,0,0,0,0,0,0,0,0,0,0,0,0,0,0,0,0,0,0,0,0,0,0,0,0,0,0,0,0,0,0,0,0,0,0,0,0,0,0,0,0,0,0,0,0,0,0,0,0,0,0,0,0,0,0,0,0,0,0,0,0,0,0,0,0,0,0,0,0,0,0,0,0,0,0,0,0,0,0,0,0,0,0,0,0,0,0,0,0,0,0,0,0,0,0
13,CLUJ,1,FINAL,CNTY,CJ,CJ_BEJ,"2020-09-28 14:15:12",622392,604373,6137,9204,2678,265424,253449,110,9197,2668,252504,12814,681207,415786,12625,17675,20200,6219,12893,2,0,29154,4,1,9314,0,0,33632,5,0,117516,18,1,5739,0,0,1522,0,0,2768,0,0,4421,0,0,30701,4,1,1036,0,0,1809,0,0,0,0,0,0,0,0,0,0,0,0,0,0,0,0,0,0,0,0,0,0,0,0,0,0,0,0,0,0,0,0,0,0,0,0,0,0,0,0,0,0,0,0,0,0,0,0,0,0,0,0,0,0,0,0,428,0,0,0,0,0,0,0,0,0,0,0,0,0,0,0,0,0,0,0,0,0,0,0,0,0,0,0,0,0,710,0,0,861,0,0,0,0,0,0,0,0,0,0,0,0,0,0,0,0,0,0,0,0,0,0,0,0,0,0,0,0,0,0,0,0,0,0,0,0,0,0,0,0,0,0,0,0,0,0,0,0,0,0,0,0,0,0,0,0,0,0,0,0,0,0,0,0,0,0,0,0,0,0,0,0,0,0,0,0,0,0,0,0,0,0,0,0,0,0,0,0,0,0,0,0,0,0,0,0,0,0,0,0,0,0,0,0,0,0,0,0,0,0,0,0,0,0,0,0,0,0,0,0,0,0,0,0,0,0,0,0,0,0,0
14,CONSTANŢA,1,FINAL,CNTY,CJ,CJ_BEJ,"2020-09-28 03:48:07",626332,617230,1195,5846,2061,290270,282330,54,5845,2041,269503,19662,688330,395709,13475,18865,21560,6475,21727,3,0,0,0,0,17161,2,1,0,0,0,97343,15,0,0,0,0,4673,0,0,5920,0,0,0,0,0,34896,5,0,0,0,0,4699,0,0,0,0,0,13081,0,0,0,0,0,0,0,0,0,0,0,0,0,0,0,0,0,0,0,0,0,0,0,0,0,0,0,0,0,0,0,0,0,0,0,0,0,0,0,0,0,0,0,0,0,0,0,0,0,0,0,0,0,0,0,0,0,0,0,0,0,0,0,0,0,0,0,0,0,0,0,0,0,0,0,0,0,0,0,0,0,0,0,0,0,0,1073,0,0,4816,0,0,2107,0,0,62007,9,1,0,0,0,0,0,0,0,0,0,0,0,0,0,0,0,0,0,0,0,0,0,0,0,0,0,0,0,0,0,0,0,0,0,0,0,0,0,0,0,0,0,0,0,0,0,0,0,0,0,0,0,0,0,0,0,0,0,0,0,0,0,0,0,0,0,0,0,0,0,0,0,0,0,0,0,0,0,0,0,0,0,0,0,0,0,0,0,0,0,0,0,0,0,0,0,0,0,0,0,0,0,0,0,0,0,0,0,0,0,0,0,0,0,0,0,0,0
15,COVASNA,1,FINAL,CNTY,CJ,CJ_BEJ,"2020-09-29 12:50:07",183235,179530,345,1531,1829,74137,70767,26,1523,1821,67224,6880,201289,127163,3361,4705,5377,1863,3283,0,0,40904,21,1,1904,0,0,3854,2,0,5403,2,1,2139,0,0,0,0,0,0,0,0,0,0,0,1836,0,0,0,0,0,0,0,0,0,0,0,0,0,0,0,0,0,0,0,0,0,0,0,0,0,0,0,0,0,0,0,0,0,0,0,0,0,0,0,0,0,0,0,0,0,0,0,0,0,0,0,0,0,0,0,0,0,0,0,0,0,0,0,0,0,0,0,0,0,0,0,0,0,0,2152,0,0,0,0,0,0,0,0,0,0,0,0,0,0,0,0,0,0,0,0,0,0,0,0,0,0,0,0,0,0,0,0,0,0,0,5749,3,0,0,0,0,0,0,0,0,0,0,0,0,0,0,0,0,0,0,0,0,0,0,0,0,0,0,0,0,0,0,0,0,0,0,0,0,0,0,0,0,0,0,0,0,0,0,0,0,0,0,0,0,0,0,0,0,0,0,0,0,0,0,0,0,0,0,0,0,0,0,0,0,0,0,0,0,0,0,0,0,0,0,0,0,0,0,0,0,0,0,0,0,0,0,0,0,0,0,0,0,0,0,0,0,0,0,0,0,0,0,0,0,0,0,0
16,DÂMBOVIŢA,1,FINAL,CNTY,CJ,CJ_BEJ,"2020-09-28 09:51:45",429571,422729,328,4626,1888,227141,220607,27,4626,1881,212130,14834,467650,240643,10606,14849,16970,5493,5266,0,0,0,0,0,20442,3,1,92606,16,1,73717,13,0,6437,0,0,1461,0,0,0,0,0,0,0,0,6054,0,0,0,0,0,1352,0,0,0,0,0,4472,0,0,0,0,0,0,0,0,0,0,0,0,0,0,0,0,0,0,0,0,0,0,0,0,0,0,0,0,0,0,0,0,0,0,0,0,0,0,0,0,0,0,0,0,0,0,0,0,0,0,0,0,0,0,0,0,0,0,0,0,0,0,0,0,0,0,0,0,0,0,0,0,0,0,0,0,0,0,0,0,0,0,0,0,0,0,0,0,0,0,0,0,0,0,0,0,0,0,0,0,0,323,0,0,0,0,0,0,0,0,0,0,0,0,0,0,0,0,0,0,0,0,0,0,0,0,0,0,0,0,0,0,0,0,0,0,0,0,0,0,0,0,0,0,0,0,0,0,0,0,0,0,0,0,0,0,0,0,0,0,0,0,0,0,0,0,0,0,0,0,0,0,0,0,0,0,0,0,0,0,0,0,0,0,0,0,0,0,0,0,0,0,0,0,0,0,0,0,0,0,0,0,0,0,0,0,0,0,0,0,0,0,0,0,0
17,DOLJ,2,FINAL,CNTY,CJ,CJ_BEJ,"2020-10-01 22:56:15",579733,560916,852,12497,5468,286104,268146,54,12497,5407,260507,25247,638860,352860,13025,18235,20840,6474,14793,2,0,0,0,0,18007,2,1,0,0,0,82748,12,1,0,0,0,3300,0,0,2119,0,0,2359,0,0,17563,0,0,0,0,0,0,0,0,0,0,0,14198,2,0,0,0,0,0,0,0,1039,0,0,0,0,0,0,0,0,0,0,0,0,0,0,0,0,0,0,0,0,1063,0,0,0,0,0,0,0,0,0,0,0,0,0,0,0,0,0,0,0,0,0,0,0,0,0,0,0,0,0,0,0,0,0,0,0,0,0,0,0,0,0,0,0,0,0,0,0,0,0,0,0,0,0,0,0,0,0,0,0,0,0,0,0,0,0,0,0,0,0,0,0,0,0,0,103318,15,1,0,0,0,0,0,0,0,0,0,0,0,0,0,0,0,0,0,0,0,0,0,0,0,0,0,0,0,0,0,0,0,0,0,0,0,0,0,0,0,0,0,0,0,0,0,0,0,0,0,0,0,0,0,0,0,0,0,0,0,0,0,0,0,0,0,0,0,0,0,0,0,0,0,0,0,0,0,0,0,0,0,0,0,0,0,0,0,0,0,0,0,0,0,0,0,0,0,0,0,0,0,0,0,0,0,0,0,0
18,GALAŢI,1,FINAL,CNTY,CJ,CJ_BEJ,"2020-09-28 14:47:45",526596,518879,569,4385,2763,211464,204453,27,4289,2695,196029,15425,577018,365560,9801,13722,15682,4505,11252,2,1,0,0,0,7526,0,0,77882,17,0,53093,11,1,10955,2,0,2938,0,0,2769,0,0,0,0,0,11844,0,0,0,0,0,0,0,0,0,0,0,2800,0,0,0,0,0,0,0,0,0,0,0,0,0,0,0,0,0,0,0,0,0,0,0,0,0,0,0,0,0,0,0,0,0,0,0,0,0,0,0,0,0,0,0,0,0,0,0,0,0,0,1106,0,0,526,0,0,0,0,0,0,0,0,4236,0,0,0,0,0,0,0,0,0,0,0,0,0,0,0,0,0,0,0,0,0,0,0,0,0,0,0,0,0,0,0,0,0,0,0,0,0,0,0,0,0,0,0,0,5184,0,0,2268,0,0,1650,0,0,0,0,0,0,0,0,0,0,0,0,0,0,0,0,0,0,0,0,0,0,0,0,0,0,0,0,0,0,0,0,0,0,0,0,0,0,0,0,0,0,0,0,0,0,0,0,0,0,0,0,0,0,0,0,0,0,0,0,0,0,0,0,0,0,0,0,0,0,0,0,0,0,0,0,0,0,0,0,0,0,0,0,0,0,0,0,0,0,0,0,0,0,0,0,0,0,0,0,0
19,GIURGIU,1,FINAL,CNTY,CJ,CJ_BEJ,"2020-09-29 17:57:05",227862,218347,160,6377,2978,131696,122329,24,6372,2971,123429,7870,242717,111394,6171,8640,9874,3440,3429,0,0,0,0,0,5738,0,0,40978,11,1,62240,18,0,5775,0,0,0,0,0,0,0,0,0,0,0,4194,0,0,0,0,0,0,0,0,0,0,0,0,0,0,0,0,0,0,0,0,0,0,0,0,0,0,0,0,0,0,0,0,0,0,0,0,0,0,0,0,0,0,0,0,0,0,0,0,0,0,0,0,0,0,0,0,0,0,0,1075,0,0,0,0,0,0,0,0,0,0,0,0,0,0,0,0,0,0,0,0,0,0,0,0,0,0,0,0,0,0,0,0,0,0,0,0,0,0,0,0,0,0,0,0,0,0,0,0,0,0,0,0,0,0,0,0,0,0,0,0,0,0,0,0,0,0,0,0,0,0,0,0,0,0,0,0,0,0,0,0,0,0,0,0,0,0,0,0,0,0,0,0,0,0,0,0,0,0,0,0,0,0,0,0,0,0,0,0,0,0,0,0,0,0,0,0,0,0,0,0,0,0,0,0,0,0,0,0,0,0,0,0,0,0,0,0,0,0,0,0,0,0,0,0,0,0,0,0,0,0,0,0,0,0,0,0,0,0,0,0,0,0,0,0,0,0,0
20,GORJ,1,FINAL,CNTY,CJ,CJ_BEJ,"2020-09-28 10:44:01",298978,291323,256,5795,1604,160384,152968,23,5793,1600,150228,10141,326319,165950,7511,10515,12018,3936,10488,2,1,0,0,0,8170,2,0,64525,16,0,42799,10,1,5196,0,0,0,0,0,0,0,0,3463,0,0,6373,0,0,0,0,0,2383,0,0,0,0,0,1596,0,0,0,0,0,0,0,0,0,0,0,597,0,0,0,0,0,0,0,0,0,0,0,0,0,0,0,0,0,4638,0,0,0,0,0,0,0,0,0,0,0,0,0,0,0,0,0,0,0,0,0,0,0,0,0,0,0,0,0,0,0,0,0,0,0,0,0,0,0,0,0,0,0,0,0,0,0,0,0,0,0,0,0,0,0,0,0,0,0,0,0,0,0,0,0,0,0,0,0,0,0,0,0,0,0,0,0,0,0,0,0,0,0,0,0,0,0,0,0,0,0,0,0,0,0,0,0,0,0,0,0,0,0,0,0,0,0,0,0,0,0,0,0,0,0,0,0,0,0,0,0,0,0,0,0,0,0,0,0,0,0,0,0,0,0,0,0,0,0,0,0,0,0,0,0,0,0,0,0,0,0,0,0,0,0,0,0,0,0,0,0,0,0,0,0,0,0,0,0,0,0,0,0,0,0,0,0,0,0,0,0,0,0,0,0
21,HARGHITA,1,FINAL,CNTY,CJ,CJ_BEJ,"2020-09-29 07:47:47",270315,266809,655,1593,1258,113502,110615,56,1580,1251,105199,8301,297760,182337,5259,7363,8415,3383,1339,0,0,64894,19,0,1020,0,0,8164,2,1,7906,2,0,0,0,0,0,0,0,0,0,0,0,0,0,1330,0,0,0,0,0,0,0,0,0,0,0,0,0,0,0,0,0,0,0,0,0,0,0,0,0,0,0,0,0,0,0,0,0,0,0,0,0,0,0,0,0,0,0,0,0,0,0,0,0,0,0,0,0,0,0,0,0,0,0,0,0,0,0,0,0,0,0,0,0,0,0,0,0,0,0,0,0,0,0,0,0,0,0,0,0,0,0,0,0,0,0,0,0,0,0,0,0,0,0,0,0,0,0,0,0,0,0,0,0,0,12981,3,1,0,0,0,0,0,0,0,0,0,0,0,0,0,0,0,7565,2,0,0,0,0,0,0,0,0,0,0,0,0,0,0,0,0,0,0,0,0,0,0,0,0,0,0,0,0,0,0,0,0,0,0,0,0,0,0,0,0,0,0,0,0,0,0,0,0,0,0,0,0,0,0,0,0,0,0,0,0,0,0,0,0,0,0,0,0,0,0,0,0,0,0,0,0,0,0,0,0,0,0,0,0,0,0,0,0,0,0,0,0,0,0,0,0,0
22,HUNEDOARA,2,FINAL,CNTY,CJ,CJ_BEJ,"2020-10-01 13:39:59",384575,374649,607,7103,2216,175264,165936,54,7083,2191,165085,10010,427287,252139,8254,11555,13206,4266,8431,1,1,0,0,0,15072,3,1,72314,16,1,0,0,0,7595,0,0,2923,0,0,4938,0,0,0,0,0,0,0,0,0,0,0,0,0,0,0,0,0,6049,0,0,0,0,0,0,0,0,0,0,0,0,0,0,0,0,0,0,0,0,0,0,0,0,0,0,0,0,0,0,0,0,0,0,0,0,0,0,0,0,0,0,0,0,0,0,0,0,0,0,0,0,0,0,0,0,0,0,0,0,0,0,0,0,0,0,0,0,0,0,0,0,0,0,3130,0,0,0,0,0,925,0,0,0,0,0,0,0,0,0,0,0,0,0,0,0,0,0,0,0,0,0,0,0,0,0,0,0,0,0,0,0,0,0,0,0,0,0,0,9819,2,0,30907,7,0,2982,0,0,0,0,0,0,0,0,0,0,0,0,0,0,0,0,0,0,0,0,0,0,0,0,0,0,0,0,0,0,0,0,0,0,0,0,0,0,0,0,0,0,0,0,0,0,0,0,0,0,0,0,0,0,0,0,0,0,0,0,0,0,0,0,0,0,0,0,0,0,0,0,0,0,0,0,0,0,0,0,0,0,0,0,0,0,0,0,0
23,IALOMIŢA,1,FINAL,CNTY,CJ,CJ_BEJ,"2020-09-28 11:59:36",230303,225116,415,2571,2201,115428,110664,14,2566,2184,106897,8488,251644,136234,5344,7482,8551,2860,2121,0,0,0,0,0,17842,6,0,39837,13,1,28139,9,1,5103,0,0,0,0,0,2090,0,0,0,0,0,6096,0,0,0,0,0,0,0,0,0,0,0,799,0,0,0,0,0,0,0,0,0,0,0,0,0,0,0,0,0,0,0,0,0,0,0,0,0,0,0,0,0,0,0,0,0,0,0,0,0,0,0,0,0,0,0,0,0,0,0,0,0,0,0,0,0,0,0,0,0,0,0,0,0,0,0,0,0,0,0,0,0,0,0,0,0,0,0,0,0,0,0,0,0,0,0,0,0,0,0,0,0,223,0,0,0,0,0,0,0,0,0,0,0,0,0,0,0,0,0,0,0,0,0,0,0,0,0,0,0,0,0,0,0,0,0,0,0,0,0,0,3726,0,0,921,0,0,0,0,0,0,0,0,0,0,0,0,0,0,0,0,0,0,0,0,0,0,0,0,0,0,0,0,0,0,0,0,0,0,0,0,0,0,0,0,0,0,0,0,0,0,0,0,0,0,0,0,0,0,0,0,0,0,0,0,0,0,0,0,0,0,0,0,0,0,0,0,0,0,0,0,0,0,0,0,0,0,0
24,IAŞI,1,FINAL,CNTY,CJ,CJ_BEJ,"2020-09-29 19:33:19",789746,779036,1410,5987,3313,295443,286154,54,5983,3252,269802,23997,868473,572384,13490,18886,21584,6367,16635,2,1,0,0,0,13350,0,0,66079,10,0,107103,16,1,5303,0,0,3157,0,0,5174,0,0,8114,0,0,39416,6,0,0,0,0,0,0,0,0,0,0,0,0,0,0,0,0,0,0,0,675,0,0,0,0,0,0,0,0,0,0,0,0,0,0,0,0,0,0,0,0,0,0,0,0,0,0,0,0,0,0,0,0,0,0,0,0,0,0,0,0,0,0,0,0,1988,0,0,0,0,0,0,0,0,0,0,0,0,0,0,0,0,0,0,0,0,0,0,0,0,0,0,0,0,0,0,0,0,0,0,0,0,0,0,0,0,0,0,0,0,0,0,0,0,0,0,0,0,0,0,0,0,0,0,0,0,0,0,0,0,0,0,0,0,0,0,0,0,0,0,0,0,0,0,0,0,2808,0,0,0,0,0,0,0,0,0,0,0,0,0,0,0,0,0,0,0,0,0,0,0,0,0,0,0,0,0,0,0,0,0,0,0,0,0,0,0,0,0,0,0,0,0,0,0,0,0,0,0,0,0,0,0,0,0,0,0,0,0,0,0,0,0,0,0,0,0,0,0,0,0,0,0,0,0,0,0,0
25,ILFOV,1,FINAL,CNTY,CJ,CJ_BEJ,"2020-09-28 19:17:42",379447,367768,2389,7879,1411,196387,187032,66,7879,1410,183400,12857,408387,212034,9170,12838,14672,5253,12856,2,0,3724,0,0,20647,3,1,0,0,0,84748,16,0,0,0,0,0,0,0,0,0,0,7723,0,0,26389,5,0,0,0,0,0,0,0,0,0,0,0,0,0,0,0,0,0,0,0,0,0,0,0,0,0,0,0,0,0,0,0,0,0,0,0,0,0,0,0,0,0,0,0,0,0,0,0,0,0,0,0,0,0,0,0,0,0,0,0,0,0,0,0,0,0,0,0,0,0,0,0,0,0,0,0,0,0,0,0,0,0,0,0,0,0,0,0,0,0,0,0,0,0,0,0,0,0,0,0,0,0,0,0,0,0,0,0,0,0,0,0,0,0,0,0,0,0,0,0,0,0,0,0,0,0,0,0,0,0,0,0,0,0,0,0,0,0,0,0,0,0,0,0,0,0,0,0,0,23487,4,1,3826,0,0,0,0,0,0,0,0,0,0,0,0,0,0,0,0,0,0,0,0,0,0,0,0,0,0,0,0,0,0,0,0,0,0,0,0,0,0,0,0,0,0,0,0,0,0,0,0,0,0,0,0,0,0,0,0,0,0,0,0,0,0,0,0,0,0,0,0,0,0,0,0,0,0
26,MARAMUREŞ,4,FINAL,CNTY,CJ,CJ_BEJ,"2020-10-03 15:24:22",429471,420066,794,5640,2971,196803,188147,64,5635,2957,183795,12914,468941,272174,9189,12865,14703,4443,21288,4,1,8651,0,0,10727,2,1,0,0,0,58708,13,0,3650,0,0,0,0,0,1975,0,0,2911,0,0,14143,3,0,0,0,0,1909,0,0,0,0,0,3323,0,0,0,0,0,0,0,0,0,0,0,0,0,0,0,0,0,0,0,0,0,0,0,0,0,0,0,0,0,0,0,0,0,0,0,0,0,0,0,0,0,0,0,0,0,0,0,0,0,0,0,0,0,0,0,0,0,0,0,0,0,0,0,0,0,0,0,0,0,0,0,0,0,0,0,0,0,0,0,0,0,0,0,0,0,0,0,0,0,0,0,0,0,0,0,0,0,0,0,0,0,0,0,0,0,0,0,0,0,0,0,0,0,0,0,0,0,0,0,0,0,0,0,0,0,0,0,0,0,0,0,0,0,0,0,0,0,0,0,0,0,0,0,3489,0,0,46197,10,0,5176,0,0,1648,0,0,0,0,0,0,0,0,0,0,0,0,0,0,0,0,0,0,0,0,0,0,0,0,0,0,0,0,0,0,0,0,0,0,0,0,0,0,0,0,0,0,0,0,0,0,0,0,0,0,0,0,0,0,0,0,0,0,0,0,0,0
27,MEHEDINŢI,1,FINAL,CNTY,CJ,CJ_BEJ,"2020-09-28 13:00:31",239742,223938,225,11679,3900,127972,112419,22,11662,3869,120615,7048,265578,137193,6030,8443,9649,3663,6626,1,1,1610,0,0,6644,1,1,54976,15,0,41648,11,0,2485,0,0,0,0,0,533,0,0,1094,0,0,2876,0,0,0,0,0,0,0,0,0,0,0,0,0,0,0,0,0,0,0,0,0,0,0,0,0,0,0,0,0,0,0,0,0,0,0,0,0,0,0,0,0,0,0,0,0,0,0,0,0,0,0,0,0,0,0,0,0,0,0,0,0,0,0,0,0,0,0,0,0,0,0,0,0,0,0,0,0,0,0,0,0,0,0,0,0,0,0,0,0,0,0,0,0,0,0,0,0,0,0,0,0,0,0,0,0,0,0,0,0,0,0,0,0,0,0,0,0,0,0,0,0,0,0,0,0,0,0,0,0,0,0,0,0,0,0,0,0,0,0,0,0,0,0,0,0,0,0,0,0,0,0,0,0,0,0,0,0,0,0,0,0,0,0,0,0,0,0,418,0,0,1705,0,0,0,0,0,0,0,0,0,0,0,0,0,0,0,0,0,0,0,0,0,0,0,0,0,0,0,0,0,0,0,0,0,0,0,0,0,0,0,0,0,0,0,0,0,0,0,0,0,0,0,0,0,0,0,0
42,"MUNICIPIUL BUCUREŞTI",1,FINAL,CNTY,CJ,CGMB_CEMB,"2020-10-01 13:45:44",1827726,1804451,8907,12917,1451,672004,657428,262,12904,1410,652155,19117,1979319,1307572,32607,45650,52172,10255,51001,4,1,1521,0,0,0,0,0,211164,20,1,125940,12,0,19088,0,0,6165,0,0,5722,0,0,11828,0,0,175953,17,0,661,0,0,8180,0,0,0,0,0,4734,0,0,2911,0,0,0,0,0,1297,0,0,0,0,0,0,0,0,0,0,0,0,0,0,0,0,0,0,0,0,0,0,0,0,0,0,0,0,0,0,0,0,0,0,0,0,0,0,925,0,0,0,0,0,0,0,0,0,0,0,0,0,0,0,0,0,0,0,0,0,0,0,0,0,0,0,0,0,0,0,0,0,0,0,0,0,0,1185,0,0,0,0,0,0,0,0,0,0,0,0,0,0,0,0,0,0,0,0,0,0,0,0,0,0,0,0,0,0,0,0,0,0,0,0,0,0,909,0,0,0,0,0,0,0,0,0,0,0,0,0,0,0,0,0,0,0,0,0,0,0,2552,0,0,0,0,0,2965,0,0,0,0,0,1235,0,0,11227,0,0,4992,0,0,0,0,0,0,0,0,0,0,0,0,0,0,0,0,0,0,0,0,0,0,0,0,0,0,0,0,0,0,0,0,0,0,0,0,0,0,0,0,0,0,0,0,0,0,0
28,MUREŞ,1,FINAL,CNTY,CJ,CJ_BEJ,"2020-09-28 01:15:40",486848,475990,1944,4809,4105,236828,227908,89,4745,4086,218979,17606,525038,288025,10948,15328,17518,5254,12456,2,0,81389,15,1,10429,0,0,39121,7,0,45703,8,1,5638,0,0,0,0,0,4025,0,0,2607,0,0,6908,0,0,0,0,0,0,0,0,0,0,0,0,0,0,0,0,0,0,0,0,0,0,0,0,0,0,0,0,0,0,0,0,0,0,0,0,0,0,0,0,0,0,0,0,0,0,0,0,0,0,0,0,0,0,0,0,0,0,0,0,0,0,0,0,0,0,0,0,0,0,0,0,0,0,0,0,0,0,0,0,0,0,0,0,0,0,0,0,0,0,0,0,0,0,0,0,0,0,0,0,0,0,0,0,0,0,0,0,0,0,4145,0,0,0,0,0,0,0,0,0,0,0,0,0,0,0,0,0,6558,0,0,0,0,0,0,0,0,0,0,0,0,0,0,0,0,0,0,0,0,0,0,0,0,0,0,0,0,0,0,0,0,0,0,0,0,0,0,0,0,0,0,0,0,0,0,0,0,0,0,0,0,0,0,0,0,0,0,0,0,0,0,0,0,0,0,0,0,0,0,0,0,0,0,0,0,0,0,0,0,0,0,0,0,0,0,0,0,0,0,0,0,0,0,0,0,0,0
29,NEAMŢ,1,FINAL,CNTY,CJ,CJ_BEJ,"2020-09-28 16:30:39",470509,464222,383,3833,2071,201472,195569,38,3828,2037,182250,19039,516602,315204,9112,12757,14580,5169,17180,3,0,0,0,0,16395,3,0,0,0,0,57449,11,0,0,0,0,0,0,0,4354,0,0,0,0,0,19564,3,1,0,0,0,0,0,0,0,0,0,0,0,0,0,0,0,0,0,0,0,0,0,0,0,0,0,0,0,0,0,0,0,0,0,0,0,0,0,0,0,0,0,0,0,0,0,0,0,0,0,0,0,0,0,0,0,0,0,0,0,0,0,0,0,0,0,0,0,0,0,0,0,0,0,0,0,0,0,0,0,0,0,0,0,0,0,0,0,0,0,0,0,0,0,0,0,0,0,0,0,0,0,0,0,0,0,0,0,0,0,0,0,0,0,0,0,0,0,0,0,0,0,0,0,0,0,0,0,0,0,0,0,0,0,0,0,0,0,0,0,0,0,0,0,0,2129,0,0,0,0,0,0,0,0,0,0,0,0,0,0,0,0,0,0,0,0,0,0,0,0,0,0,0,0,0,0,0,0,0,0,0,65179,12,1,0,0,0,0,0,0,0,0,0,0,0,0,0,0,0,0,0,0,0,0,0,0,0,0,0,0,0,0,0,0,0,0,0,0,0,0,0,0,0,0,0,0
30,OLT,2,FINAL,CNTY,CJ,CJ_BEJ,"2020-10-03 18:10:42",375157,360039,237,9927,4954,212157,197326,41,9882,4908,200710,11343,399493,187409,10035,14049,16056,5311,4841,0,0,0,0,0,9151,0,0,109257,20,1,60725,11,0,6912,0,0,3254,0,0,930,0,0,0,0,0,5019,0,0,0,0,0,0,0,0,0,0,0,0,0,0,0,0,0,0,0,0,0,0,0,0,0,0,0,0,0,0,0,0,0,0,0,0,0,0,0,0,0,0,0,0,0,0,0,0,0,0,0,0,0,0,0,0,0,0,0,0,0,0,0,0,0,621,0,0,0,0,0,0,0,0,0,0,0,0,0,0,0,0,0,0,0,0,0,0,0,0,0,0,0,0,0,0,0,0,0,0,0,0,0,0,0,0,0,0,0,0,0,0,0,0,0,0,0,0,0,0,0,0,0,0,0,0,0,0,0,0,0,0,0,0,0,0,0,0,0,0,0,0,0,0,0,0,0,0,0,0,0,0,0,0,0,0,0,0,0,0,0,0,0,0,0,0,0,0,0,0,0,0,0,0,0,0,0,0,0,0,0,0,0,0,0,0,0,0,0,0,0,0,0,0,0,0,0,0,0,0,0,0,0,0,0,0,0,0,0,0,0,0,0,0,0,0,0,0,0,0,0,0,0,0,0,0,0
31,PRAHOVA,1,FINAL,CNTY,CJ,CJ_BEJ,"2020-09-29 20:42:44",660972,650963,968,6061,2980,314967,305895,45,6057,2970,286275,27738,720291,405939,14313,20039,22902,7952,26891,3,0,0,0,0,0,0,0,0,0,0,0,0,0,20299,2,1,0,0,0,0,0,0,0,0,0,0,0,0,0,0,0,0,0,0,0,0,0,0,0,0,0,0,0,0,0,0,0,0,0,0,0,0,0,0,0,0,0,0,0,0,0,0,0,0,0,0,0,0,0,0,0,0,0,0,0,0,0,0,0,0,0,0,0,0,0,0,0,0,0,0,0,0,0,0,0,0,0,0,0,0,0,0,0,0,0,0,0,0,0,0,0,0,0,0,0,0,0,0,0,0,0,0,0,0,0,0,0,0,0,0,0,0,0,0,0,0,0,0,0,0,0,0,0,0,0,0,0,0,0,0,0,0,0,0,0,0,0,0,0,0,0,0,0,0,0,0,0,0,0,0,0,0,0,0,0,0,0,0,0,0,0,0,0,0,0,0,0,0,0,0,0,0,0,0,0,0,0,0,0,0,0,0,0,0,0,0,0,0,0,0,0,131179,16,1,17464,2,0,90442,11,0,0,0,0,0,0,0,0,0,0,0,0,0,0,0,0,0,0,0,0,0,0,0,0,0,0,0,0,0,0,0,0,0,0
33,SĂLAJ,1,FINAL,CNTY,CJ,CJ_BEJ,"2020-09-28 08:09:33",197536,189403,324,5153,2656,103710,95866,45,5153,2646,97384,6075,215327,111868,4869,6816,7790,2826,4150,0,0,19160,6,1,1897,0,0,27159,9,1,31630,11,0,2428,0,0,0,0,0,0,0,0,0,0,0,6851,2,0,0,0,0,0,0,0,0,0,0,1328,0,0,0,0,0,0,0,0,0,0,0,1905,0,0,0,0,0,0,0,0,0,0,0,0,0,0,0,0,0,0,0,0,0,0,0,0,0,0,0,0,0,0,0,0,0,0,0,0,0,0,0,0,0,0,0,0,0,0,0,0,0,0,0,0,0,0,0,0,0,0,0,0,0,0,0,0,0,0,0,0,0,0,0,0,0,0,0,0,0,0,0,0,0,0,0,0,0,0,0,0,0,0,0,0,0,0,0,0,0,0,0,0,0,0,0,0,0,0,0,0,0,0,0,0,0,0,0,0,0,0,0,0,0,0,0,0,0,0,0,0,0,0,0,0,0,0,0,0,0,0,0,0,0,0,0,0,0,0,0,0,0,0,0,0,0,0,0,0,0,0,0,0,0,0,0,0,0,0,0,0,0,0,876,0,0,0,0,0,0,0,0,0,0,0,0,0,0,0,0,0,0,0,0,0,0,0,0,0,0,0,0,0,0,0,0
32,"SATU MARE",1,FINAL,CNTY,CJ,CJ_BEJ,"2020-09-28 19:49:05",316575,309787,522,3401,2865,141568,135289,55,3382,2842,131057,10479,345874,204337,6552,9173,10484,3418,7125,2,0,50121,14,1,5245,0,0,18344,5,0,33811,9,1,5927,0,0,0,0,0,1045,0,0,0,0,0,7072,0,0,0,0,0,0,0,0,0,0,0,0,0,0,0,0,0,0,0,0,0,0,0,0,0,0,0,0,0,0,0,0,0,0,0,0,0,0,0,0,0,0,0,0,0,0,0,0,0,0,0,0,0,0,0,0,0,0,0,0,0,0,0,0,0,0,0,0,0,0,0,0,0,0,0,0,0,0,0,0,0,0,0,0,0,0,0,0,0,0,0,0,0,0,0,0,0,0,0,0,0,0,0,0,0,0,0,0,0,0,0,0,0,0,0,0,0,0,0,0,0,0,0,0,0,0,0,0,0,0,0,0,0,0,0,0,0,0,0,0,0,0,0,0,0,0,0,0,0,0,0,0,0,0,0,0,0,0,0,0,0,0,0,0,0,0,0,0,0,0,0,0,0,0,0,0,0,0,0,0,0,0,0,0,0,0,0,0,0,0,0,0,0,0,0,0,0,2367,0,0,0,0,0,0,0,0,0,0,0,0,0,0,0,0,0,0,0,0,0,0,0,0,0,0,0,0,0
34,SIBIU,1,FINAL,CNTY,CJ,CJ_BEJ,"2020-09-28 09:22:00",387028,379462,1525,4268,1773,163281,157147,123,4254,1757,153776,9361,420313,257175,7688,10764,12302,4009,6460,0,0,1956,0,0,2694,0,0,21372,5,0,71457,17,1,4030,0,0,0,0,0,1629,0,0,2304,0,0,15573,3,1,0,0,0,968,0,0,0,0,0,2705,0,0,0,0,0,0,0,0,0,0,0,0,0,0,0,0,0,0,0,0,0,0,0,0,0,0,0,0,0,0,0,0,0,0,0,0,0,0,0,0,0,0,0,0,0,0,0,0,0,0,0,0,0,0,0,0,0,0,0,19903,4,1,0,0,0,0,0,0,0,0,0,0,0,0,0,0,0,0,0,0,0,0,0,0,0,0,0,0,0,0,0,0,0,0,0,0,0,0,0,0,0,0,0,0,0,0,0,0,0,0,0,0,0,0,0,0,0,0,0,0,0,0,0,0,0,0,0,0,0,0,0,0,0,0,0,0,0,0,0,0,0,0,0,0,0,0,0,0,0,0,0,0,0,0,0,0,0,0,0,0,0,0,0,0,0,0,0,0,0,0,0,0,0,0,0,0,0,0,0,0,0,0,0,0,0,0,0,0,478,0,0,2247,0,0,0,0,0,0,0,0,0,0,0,0,0,0,0,0,0,0,0,0,0,0,0
35,SUCEAVA,2,FINAL,CNTY,CJ,CJ_BEJ,"2020-10-02 09:00:37",609722,602996,425,3634,2667,273613,267276,43,3633,2661,254038,19428,673282,399680,12701,17782,20323,5818,28044,4,1,0,0,0,10485,0,0,77406,13,0,104013,17,1,4988,0,0,2678,0,0,4110,0,0,2437,0,0,15751,0,0,0,0,0,0,0,0,0,0,0,0,0,0,0,0,0,0,0,0,0,0,0,0,0,0,0,0,0,0,0,0,0,0,0,0,0,0,0,0,0,0,0,0,0,0,0,0,0,0,0,0,0,0,0,0,0,0,0,0,0,0,0,0,0,0,0,0,0,0,0,0,0,0,0,0,0,0,0,0,0,0,0,0,0,0,0,0,0,0,0,0,0,0,0,0,0,0,0,0,0,0,0,0,0,0,0,0,0,0,0,0,0,0,0,0,0,0,0,0,0,0,0,0,0,0,0,0,0,0,0,0,0,0,0,0,0,0,0,0,0,0,0,0,0,0,0,0,0,0,0,0,0,0,0,0,0,0,0,0,0,0,0,0,0,0,0,0,0,0,0,0,0,0,0,0,0,0,0,0,0,0,0,0,0,0,0,0,0,0,0,0,0,0,0,0,0,0,0,0,0,0,0,0,0,0,4126,0,0,0,0,0,0,0,0,0,0,0,0,0,0,0,0,0,0,0,0
36,TELEORMAN,1,FINAL,CNTY,CJ,CJ_BEJ,"2020-09-28 08:21:45",316442,301676,118,7456,7192,177517,163034,19,7400,7064,163767,13676,336088,158590,8188,11463,13101,4213,5639,0,0,0,0,0,2806,0,0,64469,15,0,70376,16,1,5147,0,0,1808,0,0,0,0,0,0,0,0,6143,0,0,0,0,0,0,0,0,0,0,0,4316,0,0,0,0,0,0,0,0,0,0,0,0,0,0,0,0,0,0,0,0,0,0,0,0,0,0,0,0,0,0,0,0,0,0,0,0,0,0,0,0,0,0,0,0,0,0,0,0,0,0,0,0,0,0,0,0,0,0,0,0,0,0,3063,0,0,0,0,0,0,0,0,0,0,0,0,0,0,0,0,0,0,0,0,0,0,0,0,0,0,0,0,0,0,0,0,0,0,0,0,0,0,0,0,0,0,0,0,0,0,0,0,0,0,0,0,0,0,0,0,0,0,0,0,0,0,0,0,0,0,0,0,0,0,0,0,0,0,0,0,0,0,0,0,0,0,0,0,0,0,0,0,0,0,0,0,0,0,0,0,0,0,0,0,0,0,0,0,0,0,0,0,0,0,0,0,0,0,0,0,0,0,0,0,0,0,0,0,0,0,0,0,0,0,0,0,0,0,0,0,0,0,0,0,0,0,0,0,0,0,0,0,0,0,0,0
37,TIMIŞ,1,FINAL,CNTY,CJ,CJ_BEJ,"2020-09-28 08:39:21",634556,618746,3404,8948,3458,273067,260533,158,8947,3429,256117,16681,696857,423893,12805,17928,20489,5640,9420,0,0,9249,0,0,18545,3,0,0,0,0,90916,16,0,10421,0,0,0,0,0,2766,0,0,4183,0,0,55155,9,1,1915,0,0,2553,0,0,0,0,0,3983,0,0,0,0,0,0,0,0,0,0,0,869,0,0,0,0,0,0,0,0,0,0,0,0,0,0,0,0,0,0,0,0,0,0,0,0,0,0,0,0,0,0,0,0,0,0,0,0,0,0,0,0,0,2100,0,0,0,0,0,0,0,0,0,0,0,0,0,0,0,0,0,0,0,0,0,0,0,0,0,0,0,0,0,0,0,0,0,0,0,0,0,0,0,0,0,0,0,0,0,0,0,0,0,0,0,0,0,0,0,0,0,0,0,0,0,0,0,0,0,0,0,0,0,0,0,0,0,0,0,0,0,0,0,0,0,0,0,0,0,0,0,0,0,0,0,0,0,0,0,0,0,0,0,0,0,0,0,0,0,0,0,0,0,0,0,0,0,0,0,0,0,0,0,0,0,0,0,0,0,0,0,0,0,0,0,0,0,0,352,0,0,0,0,0,0,0,0,38458,6,1,5232,0,0,0,0,0,0,0,0,0,0,0,0,0,0
38,TULCEA,1,FINAL,CNTY,CJ,CJ_BEJ,"2020-09-28 16:42:15",196268,191729,294,2501,1744,93587,89363,18,2500,1706,86499,6575,212341,119173,4324,6054,6919,2356,4527,1,1,0,0,0,6512,2,1,29715,12,0,29948,12,1,3916,0,0,643,0,0,0,0,0,857,0,0,5288,0,0,0,0,0,0,0,0,0,0,0,3167,0,0,0,0,0,0,0,0,0,0,0,0,0,0,0,0,0,0,0,0,0,0,0,0,0,0,0,0,0,564,0,0,0,0,0,0,0,0,0,0,0,0,0,0,0,0,0,0,0,0,0,0,0,0,0,0,0,0,0,0,0,0,0,0,0,0,0,0,0,0,0,0,0,0,0,0,0,0,0,0,0,0,0,0,0,0,0,0,0,0,0,0,0,0,0,0,0,0,0,0,0,0,0,0,0,0,0,0,0,0,0,0,0,0,0,0,0,0,0,0,0,0,0,0,0,0,0,0,0,0,0,0,0,0,0,0,0,0,0,0,0,0,0,0,0,0,0,0,0,0,0,0,0,0,0,0,0,0,0,0,0,0,0,0,0,0,0,0,0,0,0,0,0,0,0,0,0,0,0,0,0,0,0,0,0,0,0,0,0,0,0,0,0,0,0,0,0,0,0,0,0,0,0,1362,0,0,0,0,0,0,0,0,0,0,0
40,VÂLCEA,1,FINAL,CNTY,CJ,CJ_BEJ,"2020-09-30 12:08:59",330932,321071,275,6739,2847,172182,162590,33,6734,2825,159658,12178,364942,192044,7982,11176,12772,4066,4304,0,0,0,0,0,4019,0,0,66557,16,0,52141,12,1,4231,0,0,1418,0,0,1146,0,0,1747,0,0,8319,0,0,0,0,0,0,0,0,0,0,0,11426,2,1,0,0,0,0,0,0,0,0,0,0,0,0,0,0,0,0,0,0,0,0,0,0,0,0,0,0,0,0,0,0,0,0,0,0,0,0,0,0,0,0,0,0,0,0,0,0,0,0,1263,0,0,0,0,0,0,0,0,0,0,0,1751,0,0,0,0,0,0,0,0,0,0,0,0,0,0,0,0,0,0,0,0,0,0,0,0,0,0,0,0,0,0,0,0,0,0,0,0,0,0,0,0,0,0,0,0,0,0,0,0,0,0,0,0,0,0,0,0,0,0,0,0,0,0,0,0,0,0,0,0,0,0,0,0,0,0,0,0,0,0,0,0,0,0,0,0,0,0,0,0,0,0,0,0,0,0,0,0,0,0,0,0,0,0,0,0,0,0,0,0,0,0,0,0,0,0,0,0,0,0,0,0,0,0,0,0,0,0,0,0,0,0,0,0,0,0,0,0,0,0,0,0,0,0,0,1336,0,0,0,0,0,0,0,0
39,VASLUI,1,FINAL,CNTY,CJ,CJ_BEJ,"2020-09-29 13:56:14",424573,418192,106,3944,2331,157717,151489,6,3933,2289,145430,12265,466926,309186,7271,10180,11634,4133,4881,0,0,0,0,0,7328,1,1,56873,13,1,51484,12,0,12724,3,0,0,0,0,0,0,0,0,0,0,0,0,0,0,0,0,0,0,0,0,0,0,0,0,0,0,0,0,0,0,0,0,0,0,0,0,0,0,0,0,0,0,0,0,0,0,0,0,0,0,0,0,0,0,0,0,0,0,0,0,0,0,0,0,0,0,0,0,0,0,0,0,0,0,0,0,0,0,0,0,0,0,0,0,0,0,0,0,0,0,0,0,0,0,0,0,0,0,0,0,0,0,0,0,0,0,0,0,0,0,0,0,0,0,0,0,0,0,0,0,0,0,0,0,0,0,0,0,0,0,0,0,0,0,0,0,0,0,0,0,0,0,0,0,0,0,0,0,0,0,0,0,0,0,0,0,0,0,0,0,0,0,0,0,0,0,0,0,0,0,0,0,0,0,0,0,0,0,0,0,0,0,0,0,0,0,0,0,0,0,0,0,0,0,0,0,0,0,0,0,0,0,0,0,0,0,0,0,0,0,0,0,0,0,0,0,0,0,0,0,0,0,0,0,0,0,0,0,0,0,0,0,12140,2,1,0,0,0
41,VRANCEA,1,FINAL,CNTY,CJ,CJ_BEJ,"2020-09-27 23:07:14",313172,306901,212,3296,2763,156098,150044,23,3295,2736,143081,13008,342090,185999,7154,10015,11446,3950,5958,0,0,0,0,0,5125,0,0,59964,15,0,0,0,0,7835,1,1,0,0,0,5589,0,0,0,0,0,0,0,0,0,0,0,0,0,0,0,0,0,0,0,0,0,0,0,0,0,0,0,0,0,0,0,0,0,0,0,0,0,0,0,0,0,0,0,0,0,0,0,0,0,0,0,0,0,0,0,0,0,0,0,0,0,0,0,0,0,0,0,0,0,0,0,0,0,0,0,0,0,0,0,0,0,0,0,0,0,0,0,0,0,0,0,0,0,0,0,0,0,0,0,0,0,0,0,0,0,0,0,0,0,0,0,0,0,0,0,0,0,0,0,0,0,0,0,0,0,0,0,0,0,0,0,0,0,0,0,0,0,0,0,0,0,0,0,0,0,0,0,0,0,0,0,0,0,0,0,0,0,0,0,0,0,0,0,0,0,0,0,0,0,0,0,0,0,0,0,0,0,0,0,0,0,0,0,0,0,0,0,0,0,0,0,0,0,0,0,0,0,0,0,0,0,0,0,0,0,0,0,0,0,0,0,0,0,0,0,0,0,0,0,0,0,0,0,0,0,0,0,0,0,0,58610,14,1
